InternalID,Created At,Completion Time,Lat,Long,Invite Code,[q3] 6-digit Postal Code:,[q4] Which of the following categories most accurately describes the services you provide? [Arts & Culture],[q4] Which of the following categories most accurately describes the services you provide? [Civic Engagement (e.g. voter participation)],[q4] Which of the following categories most accurately describes the services you provide? [Education/Skills Development],[q4] Which of the following categories most accurately describes the services you provide? [Employment/Entrepreneurship],[q4] Which of the following categories most accurately describes the services you provide? [Environmental/Nature Conservation],[q4] Which of the following categories most accurately describes the services you provide? [Family Well-being (e.g. intergenerational issues)],[q4] Which of the following categories most accurately describes the services you provide? [Faith-based],[q4] Which of the following categories most accurately describes the services you provide? [Support for young parents],[q4] Which of the following categories most accurately describes the services you provide? [Food Security],[q4] Which of the following categories most accurately describes the services you provide? [Intimate Partner Violence],[q4] Which of the following categories most accurately describes the services you provide? [Sexual Violence],[q4] Which of the following categories most accurately describes the services you provide? [Sexuality & Gender Issues],[q4] Which of the following categories most accurately describes the services you provide? [Housing],[q4] Which of the following categories most accurately describes the services you provide? [Immigration & Citizenship (e.g. settlement services)],[q4] Which of the following categories most accurately describes the services you provide? [(Youth) Justice System Involvement/Re-integration Supports (e.g. youth criminal offenders)],[q4] Which of the following categories most accurately describes the services you provide? [Physical Health & Well-being],[q4] Which of the following categories most accurately describes the services you provide? [Mental Health & Well-being],[q4] Which of the following categories most accurately describes the services you provide? [Mentorship],[q4] Which of the following categories most accurately describes the services you provide? [Substance Use Issues],[q4] Which of the following categories most accurately describes the services you provide? [Recreation/Sports],[q4] Which of the following categories most accurately describes the services you provide? [Violence Prevention/Intervention/Gang Exit],[q4] Which of the following categories most accurately describes the services you provide? [Volunteering],[q4] Which of the following categories most accurately describes the services you provide? [Social Enterprise],[q4] Which of the following categories most accurately describes the services you provide? [Other (please specify)],[q6] Please check if your program provides services to any of the following groups of youth:  [Racialized youth],[q6] Please check if your program provides services to any of the following groups of youth:  [Newcomer youth],[q6] Please check if your program provides services to any of the following groups of youth:  [Aboriginal youth],[q6] Please check if your program provides services to any of the following groups of youth:  [Youth with disabilities or special needs],[q6] Please check if your program provides services to any of the following groups of youth:  [Youth in and leaving care (child welfare)],[q6] Please check if your program provides services to any of the following groups of youth:  [Francophone youth],"[q6] Please check if your program provides services to any of the following groups of youth:  [Lesbian, gay, bisexual, transgender, two-spirit and queer (LBGTTQ) youth]",[q6] Please check if your program provides services to any of the following groups of youth:  [Youth from low-income families],[q6] Please check if your program provides services to any of the following groups of youth:  [Youth in conflict with the law],\n
57706635,1/29/16 8:50,0:21:33,43.7984,-79.418601,,L3R-8C1,,,1,1,,1,,1,1,,,1,1,,1,1,1,1,,1,1,1,,,1,1,1,1,1,,1,1,1,\n
57879467,2/1/16 10:51,0:05:46,43.677799,-79.3992,,M6K 1A1 ,,,1,1,,,,,,,,,1,,,,,,,,,,1,1,1,1,1,1,1,1,1,1,1,\n
57891973,2/1/16 13:36,0:03:44,43.445301,-79.709503,,M9V1P9,,,,1,,,,,1,,,,1,,1,1,1,,,,,,,,1,1,1,1,1,,1,1,1,\n
57899406,2/1/16 15:18,0:05:07,60,-95,,M6P 4A9,,,1,,,1,,,,,,,,,,1,1,,,1,,1,,,1,1,,,,,1,1,,\n
57903494,2/1/16 16:16,0:06:31,43.599998,-79.650001,,L4B1L9,,,,,,,,,,,,,,,,,1,,,,1,,,,1,1,1,1,1,,1,1,,\n
57947629,2/2/16 9:33,1:49:00,43.666698,-79.416702,,M3B 2T5,,,,,,,,,,,,,,,,,,,,,,,,1,1,1,1,1,1,,1,1,1,\n
57947727,2/2/16 9:35,0:10:16,49.284801,-123.122802,,M9N2R3,1,,1,1,,1,,1,1,1,1,1,1,1,1,1,1,1,1,1,1,1,,1,1,1,1,1,1,1,1,1,1,\n
57963483,2/2/16 12:09,2:33:16,43.666698,-79.416702,,M3B 2T5,,,,,,,,,,,,,,,,,,,,,,,,1,1,1,1,1,1,1,1,1,1,\n
57971935,2/2/16 13:38,0:11:28,43.666698,-79.416702,,M5T2E4,,,1,,,,,,,,,1,,,,1,1,,,1,,1,,,1,1,,,,,1,,,\n
57993940,2/2/16 17:39,0:12:24,44.25,-76.949996,,K7K3E1,,,,,,,,,,,,,,,1,1,,1,1,,,1,,,1,1,1,1,1,1,1,1,1,\n
58154237,2/4/16 12:33,0:05:23,45.416698,-75.699996,,K1G4J8,,,,,,,,,,,,,,,,,1,,,,,,,,1,1,1,1,1,1,1,1,1,\n
58166868,2/4/16 15:14,0:15:17,60,-95,,N8X 4M3,,,1,1,,1,,1,1,,,1,1,1,,1,1,1,,,1,,,1,1,1,1,1,1,,1,1,1,\n
58170518,2/4/16 15:53,0:06:22,43.677799,-79.3992,,M3K 0A1 ,,,,,,1,,,,,,,,,,1,1,1,,,,1,,,,,,1,,,,,,\n
58214308,2/5/16 9:14,0:02:43,60,-95,,L3Y1K5,,,,,,,,1,,,,,,,,,,,,,,,,,,,,,1,,,1,1,\n
58225836,2/5/16 11:08,0:17:07,43.8759,-79.438102,,M2M 4E7,1,1,1,,,1,,,,,,,,1,,1,1,1,,1,,1,,,1,1,,1,1,,1,1,1,\n
58246146,2/5/16 13:40,0:12:09,43.749599,-79.488601,,M4H 1J7,1,,1,,,,,,,,,,,,,,,,,,,1,,,,1,,1,,,,1,,\n
58315980,2/6/16 1:37,0:08:37,43.666698,-79.416702,, M9N 1V9,1,,1,,,,1,,,,,,,,,1,,1,,,,,,1,1,,,,1,,,1,,\n
58474910,2/8/16 10:35,0:30:41,43.666698,-79.416702,,M4Y 2H4,,,,,,,,,,,,,,,,,1,,,,,,,,,1,,,,1,1,1,,\n
58575760,2/9/16 13:14,0:12:27,60,-95,,L6Y 4M3,,,1,,,,,,,,,,,,,,,,,,,1,,,,1,,,,,,,,\n
58589846,2/9/16 13:38,0:22:23,60,-95,,L8P1H1,,,1,1,,,,,,,,,,,,,,,,,,,,,1,1,1,1,1,,1,1,1,\n
58596186,2/9/16 13:49,0:05:33,43.8777,-79.435897,,M1L 1N9,1,,1,1,,,,,,,,1,,,1,1,1,1,,1,1,,1,,1,,,,,,,1,1,\n
58601805,2/9/16 13:59,0:05:44,60,-95,,M1L 2T3,,,1,,,,,,,,,,,,,,,1,,1,,1,,1,1,1,,,,,,1,,\n
58611379,2/9/16 14:15,0:12:29,43.661899,-79.395202,,M5S1A7,,,1,,,,,,,,,,,,,,,,,,,1,,,,,,,,,,,,\n
58630215,2/9/16 15:04,0:25:51,43.6497,-79.395202,,n/a (all over the GTA),1,,1,,,,,,,,,,,,,,1,1,,,,,,,1,1,,,,,,1,,\n
58635670,2/9/16 15:50,0:05:00,45.422,-75.630302,,K1L 6B8,1,,,,,,,,,,,,,,1,,,,,,,,,,,,1,,,,,,1,\n
58649766,2/9/16 18:28,0:08:49,44.116699,-79.566703,,M5S2W6,,,,,,,,,,,,,,,,1,1,1,,1,,,,,1,1,1,1,1,,1,1,1,\n
58699707,2/10/16 10:10,0:49:52,43.796398,-79.427803,,M4Y 1G7,,,,,,,,1,,,,,,,,,1,,,,,,,1,1,1,1,,1,,1,1,1,\n
58711093,2/10/16 12:14,0:08:18,43.446998,-80.472503,,,,,1,1,,,,1,,1,1,1,,,,,1,,1,,1,1,,1,,,,,1,,1,1,1,\n
58720959,2/10/16 14:02,0:00:36,43.666698,-79.416702,,,,,,,,,,,,,,,,,,,,,,,,,,,,,,,,,,,,\n
58724826,2/10/16 14:45,0:44:57,45.416698,-75.699996,,K0A1L0,,,1,,,,,,,,,,,,,,1,,1,,,,,,1,,1,1,1,,1,1,1,\n
58726365,2/10/16 15:09,0:06:52,42.301601,-83.0307,,,,,1,,,,,,,,,,1,,1,1,1,1,1,,1,,,,1,1,,1,1,1,1,1,1,\n
58727519,2/10/16 15:28,0:05:49,43.446998,-80.472503,,N1H 2W8,,,,,,,,,,,,,,,,,,,,,,1,,,1,1,1,1,1,1,1,1,1,\n
58727934,2/10/16 15:34,0:05:41,43.446998,-80.472503,,N1H2W8,,,1,,,,,,,,,,,,,,,1,,,,1,,,1,1,1,1,,,1,1,,\n
58728351,2/10/16 15:41,0:04:57,43.446998,-80.472503,,N1H2W8,,,,,,,,,,,,,,,,,,,,,,1,,,1,1,1,1,1,1,1,1,1,\n
58732896,2/10/16 16:58,0:07:42,43.702499,-79.265602,,M1K5E9,,,1,,,,,,,,,,,,,,,,,,,,,,1,1,1,1,1,,1,1,1,\n
58767176,2/11/16 8:54,0:08:11,45.432498,-75.5624,,K2P 0A6,,,1,1,,,,,,,,,1,,,,,1,1,,,,1,,1,1,1,1,1,1,1,1,1,\n
58769843,2/11/16 9:30,0:04:48,60,-95,,,,,,,,,,1,1,,,,,,,,1,,,,,,,,,,,,,,,1,,\n
58770171,2/11/16 9:35,0:39:51,43.5372,-79.666702,,L4Y 3V9,,1,1,1,,,,,,,,1,,1,,1,1,,,1,1,1,,,1,1,,,,,,1,1,\n
58773321,2/11/16 10:20,1:02:57,43.75,-79.199996,,L1S 2M6,,,1,,,1,,,1,,1,1,1,1,1,1,1,,1,,1,,,,1,1,1,1,1,,1,1,1,\n
58777955,2/11/16 11:20,0:03:57,,,,N8Y 2R1,,,1,,,,,,,,,,,,,1,1,1,,1,,,,,,,,1,,,1,1,1,\n
58778945,2/11/16 11:32,0:05:47,45.5335,-73.6464,,K1J8M6,,,,,,,,,1,1,,,,,,,1,,,,1,,,1,,,,,,,,,,\n
58781360,2/11/16 12:04,0:18:02,43.8759,-79.438102,,M6G2K8,,,,,,,1,,,,,,,,,,,,,,,,,,1,1,1,,,,,,,\n
58788837,2/11/16 13:37,0:07:04,43.6772,-79.589401,,N8W 5V7,,,1,,,,,,,,,,,,1,,1,1,1,,,,,,1,1,1,1,1,1,1,1,1,\n
58789540,2/11/16 13:47,0:09:06,43.8759,-79.438102,,,,,,,,,,,,,,,,,,,,,,,,,,,,,,,,,,,,\n
58803112,2/11/16 17:01,0:16:52,43.8759,-79.438102,,P9N3P7,,,1,,,1,,1,,,,,,,,,1,,,,,,,,1,1,1,1,1,1,1,1,1,\n
58811948,2/11/16 17:24,0:11:30,43.8759,-79.438102,,K1R6P1,,,,,,,,,,,,,,,,,,,,,,,,1,1,1,1,,1,1,1,1,1,\n
58829804,2/11/16 18:10,0:08:45,43.8759,-79.438102,,M1M1N2,1,1,1,,,,,1,1,,1,1,,,1,1,1,1,1,1,1,1,,,,,,,,,,,,\n
58863361,2/12/16 9:52,0:13:54,43.656501,-79.407897,,M6J2W5,1,,1,1,,,,1,1,,,1,,,,,1,1,,,,,1,,1,1,1,1,1,1,1,1,1,\n
58867229,2/12/16 10:42,0:47:56,43.8759,-79.438102,,PC3 5H6,,,1,,,1,,1,1,,1,1,,,,1,1,1,1,,,,,,,,,,,,,,,\n
58869367,2/12/16 11:07,3:13:47,,,,K1N 8P4,,,1,,,1,,1,,,,,,,,,1,,,,,,,1,1,1,1,1,1,,1,1,1,\n
58871305,2/12/16 11:29,0:08:38,43.8759,-79.438102,,N9A4L2,1,1,1,1,,1,1,,,1,1,1,,,,1,1,1,1,1,1,1,,,1,1,1,1,1,,1,1,,\n
58872290,2/12/16 11:38,0:12:34,43.8759,-79.438102,,T7A 4T4,1,,1,,,,,,,,,,,1,,,,,,,,,,,1,1,,,,,,,,\n
58881958,2/12/16 13:30,0:07:01,43.8759,-79.438102,,N8Y1E4,1,1,1,1,,,,,,,,,,,,1,1,1,,1,,1,,,1,1,1,1,1,1,1,1,1,\n
58883053,2/12/16 13:32,0:13:49,43.8759,-79.438102,,L4M 2B8,,,,,,,,,1,,,,1,,,1,1,1,1,,1,,1,,,,,,,,,,,\n
58890138,2/12/16 13:59,0:42:37,43.8759,-79.438102,,M2M 4E7,,1,,,,1,,1,,,,,,1,1,,1,1,,1,,1,1,,,,,,,,,,,\n
58905616,2/12/16 15:02,0:13:20,43.8759,-79.438102,, M9N 2R3,,,,1,,,,,,,,,,,,,,,,1,,,,1,1,1,,,,,,1,,\n
58906566,2/12/16 15:09,0:20:20,43.452899,-80.528099,,N3B 2Z5,,,,,,,,,,,,,,,,,,,,1,,,,,1,1,1,1,1,1,1,1,1,\n
59141529,2/16/16 10:05,0:06:16,43.8759,-79.438102,,V1D7X9,,1,1,1,,1,,,,,,,,,,1,1,1,1,1,1,1,,,1,1,1,1,,1,,1,,\n
59144216,2/16/16 10:39,0:16:46,43.8759,-79.438102,,Ottawa southend,,1,1,1,,1,,,,,,,,1,,1,1,1,,1,,1,,,1,1,,,,1,,1,1,\n
59149198,2/16/16 11:42,0:09:55,43.8759,-79.438102,,N1H 269,,,,,,,,,,,,,,,,1,1,,,1,,1,,,,,,,,,,,,\n
59154374,2/16/16 12:40,0:05:01,,,,M2J 5B4,1,1,1,1,,,,,,,,,,,,1,1,1,,1,,1,,,1,,,,,,,,,\n
59157753,2/16/16 13:19,0:09:54,43.8759,-79.438102,,M4Y 1M7,1,1,1,1,1,1,,1,,1,1,1,,,1,1,1,1,1,,1,1,1,,1,1,1,1,1,1,1,1,1,\n
59158287,2/16/16 13:25,0:08:06,43.8759,-79.438102,,L9W1V5,1,,1,1,,1,,,1,1,1,1,1,,1,1,1,1,1,1,1,1,,,1,1,1,1,1,1,1,1,1,\n
59158431,2/16/16 13:27,0:18:53,43.666698,-79.416702,,L4G 1N1,,,,,,1,,,,,,,,,1,1,1,,1,,,,,,1,1,1,,1,,1,1,1,\n
59160996,2/16/16 14:01,1:00:15,43.86,-79.360496,,M6A 3B2,,,,1,,,,,,,,,,,1,,,,1,,1,,,1,1,,,,1,,,,1,\n
59161336,2/16/16 14:05,0:07:24,43.8759,-79.438102,,M1M IP2,1,1,1,1,,1,,1,1,1,1,1,,,,1,1,1,1,1,,1,,,,,,,,,,,,\n
59167985,2/16/16 15:43,0:09:05,43.8759,-79.438102,,8x4 m3,,,1,1,,,,,1,,,,1,,,,,1,1,,,,,,1,1,1,1,1,1,1,1,1,\n
59214567,2/17/16 10:12,0:01:21,43.8759,-79.438102,,,,,,,,,,,,,,,,,,,,,,,,,,,,,,,,,,,,\n
59218249,2/17/16 10:55,0:14:02,43.8759,-79.438102,,K2P 2H4,1,1,,1,,1,,,1,,,1,,1,,1,1,1,1,1,,1,,,1,1,,1,,1,1,1,,\n
59220876,2/17/16 11:25,0:07:35,43.8759,-79.438102,,L5B1N7,,,1,1,,1,,,,,,,,1,,,1,1,,,,1,,,1,1,,1,1,,1,1,1,\n
59221657,2/17/16 11:33,0:18:37,43.8759,-79.438102,,L0R  2C0,,,1,,,1,1,,,,,1,,,,1,1,1,1,1,,1,,,,1,,1,,,1,1,1,\n
59223508,2/17/16 11:54,0:52:21,43.8759,-79.438102,,N9A 1H7,,,,,,,,,,,,,1,1,1,,,,,,,,,,1,1,1,1,1,1,1,1,1,\n
59224546,2/17/16 12:07,0:11:58,43.666698,-79.416702,,M6K 3E6,,,,,,,,,,,,,,,,,1,,1,,,,,,,,,,,,1,1,1,\n
59225251,2/17/16 12:16,0:06:35,43.7984,-79.418601,,M1H 3C3,1,1,1,,,1,,,,,1,1,,1,1,1,1,1,1,1,1,1,,,1,1,,1,1,1,1,1,1,\n
59239561,2/17/16 13:23,0:09:41,43.8759,-79.438102,,L1V 57,,1,1,,,,,,,,1,,,,,1,1,,,,1,,,,1,1,1,,,1,,1,,\n
59246433,2/17/16 14:41,0:29:18,43.8759,-79.438102,,L6V 1A2,1,1,1,1,,1,,,,,,,,1,1,1,1,,,1,,1,,,1,1,,1,1,1,1,1,1,\n
59258300,2/17/16 17:23,0:06:37,44.046398,-79.487396,,L3Y 2J3,,,,1,,,,,,,,,,,,,1,1,1,,,,1,,1,1,,1,,,1,1,1,\n
59259188,2/17/16 17:41,0:03:09,45.416698,-75.699996,,N8W 5V8,,,,,1,,,,,,,,,,,,,,,,,,,,1,,,1,,,,,,\n
59291745,2/18/16 8:09,0:03:22,43.5974,-79.640197,,N9C 1C5,,,1,,,,,,,,,,,,,,,,,,,,,,,,,,,,,1,,\n
59296850,2/18/16 9:25,0:16:16,60,-95,,N8T3J9,,,1,1,,,,,,,,,,,,,,1,,,,,,,1,1,1,1,1,1,1,1,1,\n
59323008,2/18/16 14:42,0:13:57,43.570098,-79.598503,,L5B2N5,,,,,,,,,,,,,,,,,1,,,,,,,,1,1,1,1,1,,1,1,1,\n
59334140,2/18/16 17:30,0:03:37,,,,,,,,,,1,,,,,,,,,,,1,,,,,,,,1,1,,,1,,1,1,,\n
59334232,2/18/16 17:32,0:07:30,43.666698,-79.416702,,L1G 1C7,,,1,,,1,,,,,,,,,1,,1,,1,,1,,,,1,1,1,1,1,1,1,1,1,\n
59334863,2/18/16 17:45,0:05:29,43.3479,-79.7593,,L7R 2J6,,,,,,,,,,,,,,,,,1,,,,,,,,1,1,1,1,1,1,1,1,1,\n
59338358,2/18/16 19:05,0:14:17,,,,M1P 2T7,,,1,,,,,1,1,,,,,,,,,,,,,,,,1,1,,,,,,1,,\n
59338869,2/18/16 19:18,0:11:05,43.666698,-79.416702,,L0K 1A0,,,1,1,,1,,,1,1,1,1,,,1,1,1,1,1,1,,,1,,,,,1,,,1,1,1,\n
59340324,2/18/16 19:58,0:06:38,45.609798,-74.610099,,K0G 1J0,,,1,,,,,,1,,,,,,,1,1,1,,1,,1,1,,1,,,1,1,,1,1,1,\n
59341001,2/18/16 20:16,0:09:28,43.7304,-79.804199,,L6H 6M8,1,,1,,,1,,,1,,,,,1,,1,1,1,,1,,1,,,1,1,,1,1,,1,1,1,\n
59341039,2/18/16 20:17,0:16:57,43.715301,-79.732101,,M5B 2K3,,,1,,,,,,,,,,,,1,,,,,,,,,,1,,1,,1,,,1,1,\n
59343890,2/18/16 21:52,0:21:52,43.871898,-78.937797,,L1H 4G1,,,1,1,,,,,,,,,,,,,,1,,,,,1,,1,1,1,,,,,1,,\n
59346404,2/18/16 23:39,0:08:09,43.876998,-79.257797,,L4J 4E5,,,1,,,,,,,,,,,,,,,,,,,1,1,,,,,1,,,,,,\n
59347745,2/19/16 0:39,0:29:23,43.5974,-79.640197,,M6S 4A3,,,1,,,1,,,,,,,,,,1,,1,,,,,,,1,,,,,,,1,1,\n
59347950,2/19/16 0:48,0:07:37,43.7882,-79.191101,,M1B 3G5,1,,1,1,,,,,,,,,,,1,,1,,,,,,,,1,,,,,,,1,1,\n
59364759,2/19/16 8:54,0:12:39,43.515598,-80.282699,,L4Z 3K7,,,,,,,,,,,,,1,,,,1,,,,,,,,1,1,1,1,1,1,1,1,1,\n
59365523,2/19/16 9:08,0:08:06,43.515598,-80.282699,,L4Z 3K7,,,,,,1,,,,,,,,,,,1,,1,,,,,,1,1,1,1,1,1,1,1,1,\n
59366025,2/19/16 9:17,0:07:29,43.515598,-80.282699,,L4Z 3K7,,,,,,1,,,,,,,,,1,,1,,1,,,,,,1,1,1,1,1,1,1,1,1,\n
59366524,2/19/16 9:25,0:10:50,43.515598,-80.282699,,L4Z 3K7,,,1,,,,,,,,,,,,1,,,,1,,1,,,,1,1,1,1,1,,1,1,1,\n
59366662,2/19/16 9:27,0:09:14,43.666698,-79.416702,,M6G 2R8,1,,1,,,,,,,,,,,,,1,,,,1,,1,,,1,,,,,,,1,,\n
59367308,2/19/16 9:38,0:07:23,43.515598,-80.282699,,L4Z 3K7,,,,,,,,,,,,,,,,,1,,1,,,,,,1,1,1,1,1,1,1,1,1,\n
59367915,2/19/16 9:46,0:08:36,43.515598,-80.282699,,L4Z 3K7,,,,,,,,,,,,1,,,,,1,,,,,,,,1,1,1,1,1,1,1,1,1,\n
59368422,2/19/16 9:55,2:59:52,43.666698,-79.416702,,N2G 1W3,,1,1,1,,1,,1,1,1,1,1,1,,1,1,1,1,1,1,1,1,1,1,1,1,1,1,1,1,1,1,1,\n
59368473,2/19/16 9:57,0:11:39,43.666698,-79.416702,,M5A2B7,1,,1,,,,,,,,,,,,,,,,,,,,,1,1,1,1,1,,,,1,1,\n
59368560,2/19/16 9:58,3:55:50,60,-95,,L3P 0E3,,,1,1,,,,,,,,,,,,,,,,,,1,,,1,,,1,,,,1,,\n
59368678,2/19/16 9:59,0:05:45,43.269798,-79.955001,,n/a,,,,,,,,,,,,,,,1,,,,,,,,,,,,,,,,,,1,\n
59369204,2/19/16 10:07,0:21:17,43.8759,-79.438102,,M2M 4E7,1,1,1,,,,,,,,,,,,,1,1,1,,,,1,,,1,1,,1,1,,1,1,1,\n
59370919,2/19/16 10:34,0:11:14,43.653598,-79.425796,,M5K 1B2,1,,1,,,,,,,,,,,,,,,1,,,,1,,,1,1,1,1,1,1,1,1,,\n
59372221,2/19/16 10:53,0:05:31,43.599998,-79.650001,,L7G 4S6,1,1,,,1,1,,,,,,,,1,,,,1,,,,1,,,,1,,,,,,,,\n
59373023,2/19/16 11:03,0:08:29,43.705398,-79.4272,,M3k 1W3,,,,,,,,,,,,,,,,,,,1,,,,,,1,1,1,,,,,1,,\n
59374393,2/19/16 11:20,0:10:41,43.682998,-79.418403,,M5V1B5,,,,,,,,,,,,,,,,1,1,1,,1,,1,,,1,1,1,1,1,,,1,1,\n
59375361,2/19/16 11:33,0:09:07,60,-95,,Variew,,,1,,,1,,,,,,,,,,1,1,1,,1,,1,,,1,1,1,,,,1,1,,\n
59375611,2/19/16 11:36,1:11:06,60,-95,,M8X1G2,,,,1,,,,,,,,,,,,,,,,,,,,,1,1,1,1,1,1,1,1,1,\n
59377151,2/19/16 11:56,1:47:19,43.599998,-79.650001,,L5B 3C3,,1,1,,,,,,,,,,,,,,,,,,,1,,,1,1,1,1,1,1,1,1,1,\n
59377803,2/19/16 12:03,0:08:47,43.656501,-79.407897,,L4L9R5,,,,,,,,,,,,,,,1,1,,1,,1,,1,1,,1,1,,1,,,,1,1,\n
59379073,2/19/16 12:20,0:05:35,,,,L1V 2R4,1,1,1,1,1,1,1,,,,,,,1,,1,1,1,,,1,1,1,1,,1,,1,,,,1,,\n
59380176,2/19/16 12:37,2:14:02,43.599998,-79.650001,,M3N 2B9,1,,,,,,,,,,,,,,,,,,,,,,,,1,,,,,,,1,,\n
59383715,2/19/16 13:30,0:27:18,43.6814,-79.536697,,M5T 2L9,1,1,1,,,,,,,,1,,,,1,1,1,1,1,1,1,,,1,1,1,,,,,,1,1,\n
59384572,2/19/16 13:41,0:21:22,43.7886,-79.591903,,L4L 9R5,,,,,,,,,,,,,,,,1,1,,,1,,,,,1,1,1,1,1,1,1,1,1,\n
59387058,2/19/16 14:14,0:13:35,43.599998,-79.650001,,M6M 4L8,,,1,1,,,,,,,,,,,,,,,,,,,,,1,1,1,1,1,1,1,1,1,\n
59389111,2/19/16 14:41,0:07:01,60,-95,,P6B 1Y3,,,,,,,,,,,,,,,,,1,,,,,,,,1,1,1,1,1,1,1,1,1,\n
59389303,2/19/16 14:44,0:07:29,45.5,-73.583297,,L3R8B2,,,1,,,,,,,,,,,,,,,1,,,1,,,,1,1,1,1,,1,1,1,1,\n
59392610,2/19/16 15:10,0:11:01,43.7984,-79.418601,,M5A2B7,,,,,,,,,,,,,,,1,,,,,,1,,,,,,,,,,,,1,\n
59395789,2/19/16 15:54,0:59:53,43.8759,-79.438102,,L6W 4P6,,1,1,1,,1,,,,1,1,,,1,1,1,1,1,,1,,1,,,1,1,1,1,1,1,1,1,1,\n
59397161,2/19/16 16:15,0:09:14,43.666698,-79.416702,,M4T 1E2,,,,,,,,,,,,,,,,,,,,,,,,1,1,,1,,,,1,1,1,\n
59401492,2/19/16 16:48,0:03:59,,,,L7R 4M4,,,,,,,,,,,,1,,,,,1,1,,,,,,,1,1,1,1,1,1,1,1,1,\n
59403594,2/19/16 17:28,0:07:36,44.3833,-79.699996,,M1L 4A8,,,,,,1,,1,,1,1,1,1,,,,1,1,,,1,,,,,1,,1,1,,1,1,1,\n
59404059,2/19/16 17:38,0:02:23,43.656501,-79.407897,,M6P 4A9,,,,1,,,,,,,,,,,,,,,,,,,,,1,1,1,1,1,,1,1,1,\n
59410428,2/19/16 20:23,0:12:51,43.68,-79.3218,,M5A 2B7,1,,1,1,,,,,1,,,,,,,,,1,,,,1,,,1,1,1,1,,,1,1,1,\n
59449099,2/20/16 19:01,0:04:48,60,-95,,M8Z 1J5,,,,,,1,,1,,,1,,,,1,,1,,1,,,,,1,,,1,1,1,,1,1,1,\n
59493703,2/21/16 20:53,0:06:01,60,-95,,M5A 1X6,,,1,,,,,,,,,,,,,,,,,,,,,,,,,,,,,,,\n
59518180,2/22/16 7:35,0:04:02,43.653598,-79.425796,,M2N 5V7,,,,,,,,,,,,,,,,,1,,,,,,,,,1,1,1,1,,1,1,1,\n
59528694,2/22/16 9:37,0:19:59,,,,L5M 0T3,,,1,1,,,,,,,,,,,,,1,,1,,,,,1,1,,,1,1,,1,1,1,\n
59530626,2/22/16 9:59,0:09:55,60,-95,,L7J 2T7,,,,,,,,,,,,,,,,1,,1,,,,,,1,1,1,1,1,,,,1,,\n
59533168,2/22/16 10:26,0:31:37,43.666698,-79.416702,,M5A 1R3,1,,1,,,,,,,,,1,,,,1,,,,,,1,,1,1,1,,,,1,1,1,,\n
59533830,2/22/16 10:33,0:14:55,46.299999,-79.449996,,P5A 2T1,,,,,,,,1,,1,1,1,,,1,,1,,1,,,,,,,,1,1,1,1,1,1,1,\n
59536416,2/22/16 11:04,0:07:22,43.912498,-78.687103,,m2r 1n5,,,,,,,,,,,,,,,,,1,,,,,,,,,,,1,,,1,,,\n
59537439,2/22/16 11:15,0:10:05,44.3833,-79.699996,,,,,1,,,,,,1,,,,,,,,,,,1,,,,,,,,,,,,1,,\n
59537462,2/22/16 11:15,0:03:24,60,-95,,,,,,,,,,,,,,,,,,1,,,,1,,1,,,1,1,1,1,1,1,1,1,1,\n
59540446,2/22/16 11:47,0:16:54,44.081001,-80.204101,,N0B 2K0,1,1,1,1,1,,,,1,,,,,,,1,,1,,1,,1,,1,1,1,1,1,,1,1,1,1,\n
59553401,2/22/16 13:08,0:08:55,49.284801,-123.122802,,L1V 6K7,1,,1,1,,1,,,,,,,,,,1,,1,,1,,1,1,,1,1,,1,1,,1,1,1,\n
59582415,2/22/16 14:38,0:12:40,43.749599,-79.488601,,M3N 3A1,,,1,,,,,,,,,,,,,,,,,,,,,,1,1,1,,,,1,1,1,\n
59582649,2/22/16 14:40,0:03:56,43.515598,-80.282699,,Peel/Dufferin/Halton/West Toronto/North Toronto - different programs at different locations,,,,,,,,,,,,,,,1,,1,,,,,,,,1,1,1,1,1,1,1,1,1,\n
59586486,2/22/16 15:17,0:09:48,60,-95,,N3H  2N4,1,,1,,1,,,,,,,,,,,1,1,1,,1,,1,,,,,,1,1,,1,1,1,\n
59600815,2/22/16 18:23,0:08:33,43.666698,-79.416702,,L7G4R8,,1,,,,,,,,,,,,,,1,,1,,1,,,,1,,,,,,,,,,\n
59615104,2/23/16 0:32,0:12:40,43.876998,-79.257797,,M1V 5E6,,,1,,,1,,,,,,,,,,,1,,,,1,,,1,1,1,,1,1,,1,1,1,\n
59665972,2/23/16 11:45,0:15:29,44.150001,-79.866699,,M4H 1A4,,1,1,,,,,,,,,,,,,1,,1,,1,,1,,1,,,,1,,,,1,,\n
59680412,2/23/16 13:45,0:07:46,43.666698,-79.416702,,Provincial Program,,,1,,,,,,,,,,,,,,1,1,,,,1,,,1,1,1,1,1,1,1,1,,\n
59805182,2/24/16 16:20,0:07:58,43.8581,-78.9319,,L1R2G6,,,,1,,,,,,,,,,,,,,1,,,,,,,1,1,1,1,1,1,1,1,1,\n
59859120,2/25/16 10:11,0:06:08,43.666698,-79.416702,,M3N 2V2,,,1,1,,,,,,,,,,,1,,,,,,,,,,1,1,,,1,,1,1,1,\n
59863998,2/25/16 11:08,0:10:25,49.284801,-123.122802,,,,,,,,,,1,,,,1,,,,1,1,1,,,,1,,,1,1,,1,1,,1,1,,\n
59864494,2/25/16 11:13,0:03:29,43.666698,-79.416702,,,,,1,1,,,,,,,,,,,,,,,,,,,,,1,1,,,,1,1,1,,\n
59883002,2/25/16 14:54,1:45:16,43.8927,-79.264099,,L3S 3K9,,,1,,,,,,,,,,,,,,,,,,,,,,1,,,,,,,1,,\n
59890624,2/25/16 16:51,0:11:10,43.5974,-79.640197,,L5B 2T4,1,,,1,1,,,,,,,,,,,1,1,1,,1,,1,,,1,1,1,1,1,1,1,1,1,\n
59892244,2/25/16 17:17,0:08:24,42.983299,-81.25,,M6K 3H5,1,,1,1,,,,,,,,,,,1,,,,,,,,,,1,,,,,,,1,1,\n
59938550,2/26/16 10:53,0:03:52,43.256099,-79.857498,,P6C 1V8,,,1,,,,,,,,,,,,,1,,1,,1,,,,,,1,1,1,,,,1,,\n
59944072,2/26/16 11:52,0:07:37,45.505798,-73.567199,,M8V 2Z5,1,,1,,,,,,1,,,,,,1,1,,,,1,,1,,,1,1,,1,1,,1,1,1,\n
59959863,2/26/16 14:56,0:05:12,43.8973,-78.864097,,L1H 8C1,,,,,,,,,,,,,,,,,,,,,,,,1,,,,1,,,,,,\n
59964958,2/26/16 16:07,93:11:37,43.661899,-79.395202,,M5S 3E6,,,1,1,,,,,,,,,,,,,1,,,,,,,,1,1,1,1,1,1,1,1,1,\n
59980284,2/26/16 22:16,1:44:53,43.643398,-79.529701,,M9N 1G5,1,,1,1,,1,,,1,,,1,,,1,1,1,1,1,,1,,,1,1,1,1,1,1,1,1,1,1,\n
60015087,2/27/16 15:39,0:15:47,43.666698,-79.416702,,Mississauga Golden Centre,1,,1,,1,,,,,,,,,,,,,1,,,,1,,,,1,,,,,,,,\n
60053804,2/28/16 13:06,0:05:58,60,-95,,L5T 1P9,,,1,,,,,,,,,,,,,,,,,,,,,,1,1,1,1,,,1,1,,\n
60085534,2/29/16 7:25,0:03:26,43.224998,-79.980003,,L8N 4C1,,,,,,,,,,,,,,,1,,,,,,,,,,,,,,,,,,,\n
60091382,2/29/16 9:20,0:07:04,43.666698,-79.416702,,M5B1J3,,,1,1,,,,,,,,,,1,,,,,,,,,,,1,1,,,,1,1,1,,\n
60131276,2/29/16 16:36,14:34:26,45.416698,-75.699996,,N0B1Z0,,,,,,,1,,,,,,,,,,,,,,,,,,,,,,,,,,,\n
60131559,2/29/16 16:40,0:05:56,43.466701,-81.196899,,N0K 1W0,,,,1,,,,,,,,,,,,,,,,,,,,,,,,1,,,,1,,\n
60133702,2/29/16 17:00,0:06:55,43.3274,-79.798896,,L8T 3S6,,,,,,1,,,,,,,,,,,1,,,,,,,,1,,1,1,1,,1,1,1,\n
60134892,2/29/16 17:12,0:07:03,60,-95,,N0B 1S0,,,1,,,,,,,,,,1,,1,1,1,1,1,1,,,,,,,1,,1,,1,1,1,\n
60138363,2/29/16 18:00,0:14:06,43.644001,-79.406196,,M6H 3M8,,,1,1,1,1,,,1,,,,,,,,,,,,,1,1,1,1,1,1,1,1,,1,1,1,\n
60162671,3/1/16 3:41,0:14:42,43.396499,-80.457496,,n1h 4c4,,,1,,,,,,,,,,,,,,,,,1,,1,,1,1,1,1,1,1,1,1,1,1,\n
60176526,3/1/16 7:54,0:10:38,43.669898,-79.7444,,L6X1B7,1,,,,,,,,,,,,,,,1,,,,1,,,,,,,,,,,,1,,\n
60179751,3/1/16 8:38,0:07:45,60,-95,,L8P 4W6,,,,,,,,,,,,,,,,,,,1,,,,,,1,1,1,1,1,,1,1,1,\n
60180042,3/1/16 8:41,0:03:01,43.513599,-79.884002,,N1R3H3,,,1,,,,,,,,,,,,,,,1,,1,,1,,,,,,,,,,,,\n
60180801,3/1/16 8:50,0:05:08,43.256599,-79.868301,,L9C 1E9,,,1,,,,,,,,,,,,,,,,,,,,,,,,,1,1,,1,1,,\n
60182039,3/1/16 9:04,0:10:50,44.599998,-79.416702,,L4N5J4,,,,,,,,,,,,,,,1,,,,,,,,,,1,1,1,1,1,1,1,1,1,\n
60182065,3/1/16 9:04,0:20:33,60,-95,,N1H4K1,,,1,1,,,,,,,,,,,,,1,,,,,1,,,1,1,1,1,1,,1,1,1,\n
60182757,3/1/16 9:11,0:12:46,43.8759,-79.438102,,L181A3,,,1,,,,,,1,1,1,1,,,,1,1,1,1,,,1,,,1,,,,,,1,1,1,\n
60183292,3/1/16 9:16,0:10:39,43.669898,-79.388702,,,,,1,1,,,,,,,,,,,,,,1,,,,1,1,,1,1,1,1,1,1,1,1,1,\n
60183735,3/1/16 9:21,0:32:38,43.549999,-80.25,,N1G 3G2,,1,1,,,,1,,,,,,,,,,,,,,,,,,,,,,,,,,,\n
60184792,3/1/16 9:31,0:06:32,60,-95,,N1H4K1,,,1,1,,,,,,,,,,,,,,,,,,,,,1,1,1,1,1,,1,1,1,\n
60185314,3/1/16 9:35,0:47:19,,,,L5B1M7,,,1,1,,,,,,,,,,,,,,,,,,,,,1,1,1,1,1,1,1,1,1,\n
60185611,3/1/16 9:39,0:32:24,43.8833,-79.733299,,L7E 1E8,,,1,1,,,,,,,,,,,,,,,,,,,,,1,1,1,1,1,,1,1,1,\n
60186413,3/1/16 9:47,0:03:16,43.833301,-80.849998,,N0G 2V0,,,1,1,,,,,,,,,,,,,,,,,,,,,,,1,,,,1,1,1,\n
60186927,3/1/16 9:51,0:03:10,43.833301,-80.849998,,N0G 2V0,,,1,1,,,,,,,,,,,,,,,,,,,,,,,1,,1,,1,1,1,\n
60186941,3/1/16 9:52,0:04:33,42.306198,-83.001701,,N7L3P3,,,1,,,,,1,,1,,1,1,,,,,1,,1,,1,,,,,,1,,,,,,\n
60189570,3/1/16 10:17,0:03:35,43.707,-80.3777,,N1M 2W3,,,1,,,,,,,,,,,,,,1,,,,,,,,,,,1,,,,,,\n
60190161,3/1/16 10:23,0:03:59,43.264499,-79.866401,,"	L8S 4S4",,,,,,,,,,,,1,,,,,1,1,,,,1,,,,,,,,,1,,,\n
60193304,3/1/16 10:40,0:03:11,43.442199,-80.496803,,N2J1V1,,,1,,,1,,1,1,1,1,,1,,,1,1,,1,,,,,,1,1,1,1,1,1,1,1,1,\n
60194047,3/1/16 10:44,0:19:05,43.219898,-79.987396,,L8R 3K8,,,,,,,,,,,,,,,1,,,,,,,,,,,,,,1,,,1,1,\n
60195397,3/1/16 10:54,0:28:50,43.256099,-79.857498,,L8P 2Z2,,,1,1,,,,,,,,,,,,,,,,,,,,,1,1,1,1,1,1,1,1,1,\n
60197905,3/1/16 11:15,0:06:36,,,,L4N 8T6,,,,,,,,,,,,,,,,,,,,1,,,,,,1,,1,,,,1,,\n
60199688,3/1/16 11:30,0:34:32,43.8759,-79.438102,,M6J0A2,1,1,1,1,1,,,,1,,,,,,,1,1,1,,,,1,,,1,1,1,1,1,1,1,1,1,\n
60199796,3/1/16 11:30,0:03:15,60,-95,,N1H4K1,,,,1,,,,,,,,,,,,,,,,,,,,,,,,1,,,,,,\n
60200333,3/1/16 11:35,17:04:52,44.046398,-79.487396,,L3Y 5A4,,1,1,,1,,,,,,,,,,,,,1,,1,,1,,,,1,1,1,,,,1,,\n
60202429,3/1/16 11:52,0:10:08,43.2574,-79.867599,,L8N 1K4,,,,,,,,,,,1,,,,,,1,,,,,,,1,1,1,,,1,,1,1,1,\n
60203885,3/1/16 12:04,0:08:43,43.2574,-79.867599,,L8N 1K4,,,1,,,1,,,,,,,,1,,,1,,,,,,,1,1,1,,,,,1,1,,\n
60206540,3/1/16 12:27,0:04:44,43.8759,-79.438102,,M5V 3A8,1,1,1,1,1,,,,,,,1,,,1,1,1,1,,,,1,,,1,1,1,1,1,1,1,1,,\n
60215764,3/1/16 13:42,1:07:52,44.3885,-79.688598,,L9Y3K1,1,,1,,1,1,,,1,1,1,1,,,,1,1,1,1,1,,,,,1,1,1,1,,,1,1,1,\n
60223178,3/1/16 14:51,0:07:40,44.3885,-79.688598,,L9Y3K1,,,1,,1,1,,,1,,1,1,,,,1,1,1,1,1,1,1,,,1,1,1,1,,1,1,1,1,\n
60224803,3/1/16 15:07,0:03:39,43.752101,-79.420196,,L3Z 2A5,,,,,,,1,,,,,,,,,,,,,,,,,,,,,,,,,,,\n
60228233,3/1/16 15:45,0:07:27,60,-95,,L7N 3L5,,,,,,,,1,,,,,,,,,,,,,,,,1,1,1,1,,1,,1,1,1,\n
60230285,3/1/16 16:08,0:12:58,43.3274,-79.798896,,L7R4M4,,,,,,,,,,,,,,,,,1,1,,,,1,,,1,1,1,,,,1,1,,\n
60246176,3/1/16 20:51,0:06:49,43.666698,-79.416702,,L8s4k1,,,1,,,,,,,,,,,,,1,,,,1,,,,,,1,,1,,,,1,,\n
60283508,3/2/16 10:45,0:06:34,43.656501,-79.407897,,M4P 1E8,,,,,,,,,,,,,,,,,,,,1,,,,,,,,1,,,,1,,\n
60283894,3/2/16 10:49,0:18:22,42.301601,-83.0307,,,,,,,,,,,,,,,,,,,1,,,,,,,,,,,1,1,,,1,1,\n
60287385,3/2/16 11:27,0:17:17,60,-95,,N0H 2T0,,,1,,,1,1,1,,,,,,,1,,,,,,,,,1,,,1,1,1,,,1,,\n
60287811,3/2/16 11:31,0:07:28,44.1333,-81.150001,,N0G 2V0 ,,,,,,,,,,,,,,,,,1,,,,,,,,1,1,1,1,1,1,1,1,1,\n
60299549,3/2/16 12:41,0:05:40,38,-97,,L5T 1M4,,,1,,,,,,,,,,,,,1,,,,,,1,,,1,1,1,1,1,,1,1,,\n
60300229,3/2/16 12:48,0:19:11,43.109401,-80.275001,,L7P 0T3,,,1,1,,1,,,,,,1,1,,,,1,,,1,,,1,1,,,,1,,,,,,\n
60303712,3/2/16 13:23,0:33:26,42.301601,-83.0307,,N8X 4W4,1,,1,,,1,,,1,1,1,1,,,1,1,,,,1,1,,1,1,1,,1,1,1,,1,1,1,\n
60304014,3/2/16 13:26,0:11:04,60,-95,,N0P 1LO,,,,,,,,,,,1,1,,,1,,1,,,,,,,1,1,,1,1,1,,1,1,1,\n
60304235,3/2/16 13:29,0:33:02,43.799999,-79.416702,,L6T 4B5,,,,,,,,,,,,,,,1,,,,,,,,,,1,1,1,1,1,1,1,1,1,\n
60304305,3/2/16 13:29,0:47:01,44.389099,-79.690101,,L4N 1W2,,,,,,1,,,,,,,,,,,1,,1,,,,,,1,1,1,1,1,1,1,1,1,\n
60306370,3/2/16 13:53,0:16:40,43.9817,-80.734001,,N0G 2LO,,,1,,,1,1,1,,,,,1,,,,1,,,,,,,,1,1,1,1,1,,1,1,1,\n
60306717,3/2/16 13:57,0:07:49,43.256599,-79.868301,,L8N 3T2,,,1,1,,,,,,,,,,,,,,1,,,,,,,1,1,1,1,,,1,1,1,\n
60310465,3/2/16 14:43,0:07:08,43.256099,-79.857498,,L3B 3Y4,,,1,,,1,,1,1,,,,,,,1,1,,1,1,,,,,1,1,,1,,1,,1,,\n
60311088,3/2/16 14:45,0:04:48,43.532501,-80.253097,,N1G 2W1,,,,,,,,,,,,1,,,,,,,,,,,,,,,,,,,1,,,\n
60340136,3/2/16 19:30,0:06:18,43.794799,-80.322898,,N2K 3P5,,,1,,,,,,,,,,,,,1,,,,1,,,,1,,,,1,,,,,,\n
60395978,3/3/16 10:15,0:08:02,42.3997,-82.1996,,N0P1A0,,,1,1,,,,,1,,,,,,,1,1,,1,1,,1,,,,,,,1,,,1,1,\n
60402640,3/3/16 11:35,0:13:42,43.337799,-79.896102,,L8M1K8,1,,1,,,1,,,,,,,,,,1,1,1,,1,,1,,,1,1,1,1,1,,1,1,,\n
60418924,3/3/16 13:25,0:16:49,42.306198,-83.001701,,N8T3R9,,,,,,,,,,,,,,,,,1,,,,,,,1,,,,1,,,,,,\n
60422033,3/3/16 13:55,0:04:20,43.666698,-79.416702,,,,,1,1,,1,,1,1,,,1,1,,1,,,,,,,,,,1,1,1,1,1,,1,1,1,\n
60426497,3/3/16 14:45,0:14:57,60,-95,,N0H2T0,,,1,1,,1,,,,,,,,,,,,,,,,,,,,,1,1,,,,1,,\n
60429020,3/3/16 15:17,0:02:56,42.962699,-81.294799,,N6K 4J7,,,,,,,,,,,,,,,,,,,,,,,,1,,,,1,,,,,,\n
60429578,3/3/16 15:24,0:11:33,43.3274,-79.798896,,l7R3M8,,,1,,1,1,,,1,,,,1,,,,1,,,,,1,,1,1,1,,1,,,1,1,,\n
60432588,3/3/16 15:51,0:21:47,49.284801,-123.122802,,L1S 1P1,,,1,,,,,1,,,,1,,,,,1,1,,,,1,,,1,1,1,1,1,1,1,1,,\n
60432827,3/3/16 15:52,0:08:57,42.962699,-81.294799,,N7G 4B9,,,,,,,,,,,,,,,,,,,,,,,,1,,,,1,,,,,,\n
60442363,3/3/16 17:05,0:16:51,42.979301,-81.255599,,L4N1R9,,,1,1,,,,,,,,,,,,,1,1,,,,1,,1,,,,1,,,,,,\n
60475479,3/4/16 9:00,0:10:49,51.2,-108.033302,,S0L 2N0,,,,,,,1,,,,,,,,,,,,,,,,,,,,,,,,,,,\n
60475530,3/4/16 9:01,0:02:34,42.306198,-83.001701,,N8T3J9,,,1,1,,,,,1,,,,,1,,,,1,,,,,1,1,1,1,1,1,1,1,1,1,1,\n
60477872,3/4/16 9:40,0:11:40,42.315898,-83.039299,,N8T 3R9,,,1,,,1,,1,,,,,,,,1,1,,,,,,,1,1,1,1,1,1,1,1,1,,\n
60479003,3/4/16 9:48,0:23:31,43.264499,-79.866401,,L8L 3A2,,,1,1,,1,,,,,,1,,,1,,1,,1,,,,,,1,1,1,1,1,1,1,1,1,\n
60487641,3/4/16 11:52,0:09:15,60,-95,,n8h1l3,,,1,1,,,,1,1,,,,1,,,1,1,,1,,,1,,1,,,,,1,,,,,\n
60491860,3/4/16 12:49,0:09:19,43.8759,-79.438102,,L4S 1L2,,,1,,,,,,,,,,,,,,,,,,,,,,,,,1,,,,1,,\n
60492717,3/4/16 13:01,0:04:21,43.8759,-79.438102,,L4S 1L2,,,1,,,,,,,,,,,,,,1,,,,,,,,,,,1,,,,1,,\n
60492908,3/4/16 13:03,0:07:03,42.4029,-82.194099,,N9A4M8,,,1,,,1,,,,,,,,,,,1,,,,,,,,1,1,1,1,1,1,1,1,1,\n
60493188,3/4/16 13:07,0:03:42,43.8759,-79.438102,,L4S 1L2,,,1,,,,,,,,,,,,,,1,,,,,,,,,,,1,,,,1,,\n
60498773,3/4/16 14:18,0:03:42,43.656501,-79.407897,,M4S 2L9,,,,1,,,,,,,,,,,,,,,,,,,,,,,,1,,,,,,\n
60505505,3/4/16 15:44,0:04:27,60,-95,,K9V 6G8,,,1,1,,,,,,,,,,,,,,1,,,,,,,1,1,1,1,1,1,1,1,1,\n
60505826,3/4/16 15:49,0:03:31,60,-95,,K9V 6G8,,,1,1,,,,,,,,,,,,,,,,,,,,,,,,,,,,,,\n
60506124,3/4/16 15:53,0:03:24,60,-95,,K9V 6G8,,,1,1,,,,,,,,,,,,,,,,,,,,,1,1,1,1,1,1,1,1,1,\n
60508504,3/4/16 16:33,0:06:52,60,-95,,N8H 1L3,,,1,1,,,,1,1,,,1,1,,,,1,1,,1,,1,,1,1,1,1,1,1,1,1,1,1,\n
60509459,3/4/16 16:49,0:03:31,42.303901,-83.030799,,N9C4H4,,,,,,,,,,,,,,,,,1,,,,,,,,1,1,1,1,1,1,1,1,1,\n
60516287,3/4/16 18:34,0:12:43,44.3885,-79.688598,,L3V 1T4,,,,,,,,,,,,,,,1,,,,,,,,,,,,,,,,,1,1,\n
60551094,3/5/16 11:36,0:07:19,60,-95,,N1E6T8,,,1,,,,,,,,,,,,,,,,,,,,,,1,1,1,1,1,1,1,1,1,\n
60561521,3/5/16 15:44,0:07:03,44.2322,-76.479896,,K0K 2T0,1,,1,,1,,,,,,,,,,,1,,,,,,,,1,1,1,,1,,,,1,,\n
60563921,3/5/16 16:53,0:08:21,42.301601,-83.0307,,N8W5E5,1,,1,1,,1,1,,,,,1,,,,1,1,1,,1,,1,1,,1,1,1,1,1,1,1,1,1,\n
60571476,3/5/16 21:25,0:09:43,45.5,-73.583297,,K1K3K7,,,,,,,,1,,,,,,,,,1,,,,,,,,,1,1,1,1,1,1,1,1,\n
60596423,3/6/16 11:15,0:19:15,,,,N9C 1T9,,,1,,,,,,,,,,,,,,1,,,,,,,1,1,1,1,1,,1,1,1,,\n
60646014,3/7/16 9:27,0:17:23,44.502899,-80.217597,,L0M 1S0,,,1,1,,1,1,,,,,,,,,,,1,,1,,1,,,1,1,1,1,1,1,1,1,1,\n
60657073,3/7/16 11:32,0:14:45,44,-79.466697,,N2H-3S4,,,,,,,,,,,,,,,,,,,,,,,,1,1,1,1,1,1,1,1,1,1,\n
60662144,3/7/16 12:19,0:03:02,60,-95,,N5V 1R1,,,,,,,,,,,,,,,,1,,,,1,,,,,1,1,1,1,1,1,1,1,1,\n
60668837,3/7/16 13:19,0:11:28,,,,M4T2T5,,,1,,,,,,,,,,,,,,,1,,,,,,,,,,,,,,,,\n
60671015,3/7/16 13:39,0:05:39,42.301601,-83.0307,,N9C2Z5,,,1,,,,,,,,,,,,,,,,,,,,,,,,,1,,,,,,\n
60671497,3/7/16 13:43,0:03:16,43.0093,-81.209999,,N5V1R1,,,1,,,,,,,,,,,,,,,,,,,,,,,1,1,1,1,1,1,1,1,\n
60673922,3/7/16 14:05,0:21:06,60,-95,,M5R 2S7,1,,,1,,,,,,,,1,1,,1,1,1,,1,1,,1,1,,,,1,,1,,1,1,1,\n
60678428,3/7/16 14:47,0:05:25,44.3885,-79.688598,,L0M 1B0,,,1,,,1,1,1,,,,,,,1,1,1,1,1,1,1,1,,,,,,1,1,,1,1,1,\n
60680643,3/7/16 15:10,0:44:16,60,-95,,"M6N, M1L",1,1,1,1,,1,,,,,,,,1,,1,1,1,,,,1,,,1,1,,1,,,1,1,,\n
60694120,3/7/16 17:49,0:08:41,44.160701,-77.369003,,K8P 4E3,,,1,,,1,,1,,,1,1,,,1,,1,,1,,,,,,1,1,1,1,1,1,1,1,1,\n
60738006,3/8/16 8:48,0:09:09,43.532501,-80.253097,,N1H 6R7,1,,,,,,,,,,,,,,,,,,,,,,,,,,,,,,,,,\n
60741089,3/8/16 9:32,0:04:14,44.160499,-77.384597,,K8N 5A9,,,,,,,,,,,,,,,,,,,,1,,,,,,,,1,,,,,,\n
60741230,3/8/16 9:33,0:03:26,60,-95,,N1H4K1,,,,1,,,,,,,,,,,,,,,,,,,,,,,,,,,,,,\n
60744260,3/8/16 10:10,0:09:43,42.303901,-83.030799,,N9A 7K6,,,,1,,,,,,,,,,,,,,,,,,,,1,,,,,,,,,,\n
60751522,3/8/16 11:29,0:03:10,43.9258,-80.105598,,L9W 5V9,,,,,,,1,,1,,,,,,1,1,1,1,1,1,,,,,,,,,1,,,1,1,\n
60753685,3/8/16 11:52,0:06:45,44.389099,-79.690101,,L4M 2Y1,,,,,,,,,,1,1,,,,1,,1,,,,,,,,1,1,1,1,1,1,1,1,1,\n
60765812,3/8/16 13:50,0:02:21,,,,N8M 2E1,1,,1,1,,1,,,,,,,,,,1,1,,,1,,1,,,,,,1,,,,1,,\n
60775132,3/8/16 15:18,0:05:37,43.682998,-79.418403,,K1V0J9,,,,,,,,,,,,,,,,,,,,1,,,,,1,1,,,,,,1,,\n
60775797,3/8/16 15:25,0:27:26,43.682998,-79.418403,,K1V0J9,,,,,,,,,1,,,,,,,,,,,,,,,,1,1,,,,,,1,,\n
60778477,3/8/16 15:53,0:04:24,43.682998,-79.418403,,K1V0J9,,,1,,,,,,,,,,,,,,,,,,,,,,1,1,,,,,,1,,\n
60819982,3/9/16 8:57,7:41:37,42.315799,-83.0568,,N9B3P4,,,,1,,,,,,,,,,,,,,,,,,1,,,,,,,,,,,,\n
60825279,3/9/16 10:14,0:03:46,43.260398,-79.896102,,L8S 4L7,,,1,,,,,,,,,,,,,,,,,,,,,,,1,1,,,,,1,,\n
60827783,3/9/16 10:45,0:02:38,,,,N8Y 2R1,,,1,,,,,1,1,,,,,,,,,1,,1,,1,,,,1,1,1,,,1,1,,\n
60837675,3/9/16 12:27,0:16:03,44.7215,-75.516098,,N0B1Z0,1,,1,,,1,,,,,1,1,,,1,1,1,,1,1,1,,1,,,,1,1,1,,1,1,1,\n
60847576,3/9/16 14:29,0:08:15,43.794799,-80.322898,,N2C 2H6,,,,,,,,,,,,,,,,,,,,,,,,1,,,,1,,,,,,\n
60915915,3/10/16 9:07,0:04:30,43.1501,-80.276603,,N0E1A0,1,,,,,,,,,,,,,,,,,,,,,,,,1,1,1,1,,,1,1,1,\n
60919775,3/10/16 9:49,0:03:52,60,-95,,N6C2H4,,,,,,,,,,,,,,,,,1,,,,,,,,1,1,1,1,1,1,1,1,1,\n
60921949,3/10/16 10:13,0:08:33,44.276298,-78.313003,,K9V 2M5,1,,1,,,,,,,,,,,,,1,1,1,1,1,,,,,,,,1,1,,1,1,1,\n
60956774,3/10/16 16:08,0:28:14,60,-95,,,1,,,,,,1,,,,,,,,,,,1,,1,,1,,,1,1,1,1,1,1,1,1,1,\n
60962896,3/10/16 17:27,0:02:42,43.532501,-80.253097,,M1H 2X1,,1,1,1,,1,,,,,,,,1,1,,1,1,1,1,1,1,,,1,1,,,,,,1,1,\n
60963137,3/10/16 17:31,0:05:26,,,,K9H 3R9,1,,,,,,,,,,,,,,,1,1,1,,1,,,,,1,1,1,1,1,,1,1,,\n
60963310,3/10/16 17:33,0:32:37,43.574699,-79.727798,,L5N 2W7,1,,1,,,,1,1,,,,,,,,,1,1,,1,,,,,1,1,1,,1,,1,1,1,\n
60963397,3/10/16 17:35,0:07:20,60,-95,,M5B 2P3,1,1,1,,,1,,,1,1,1,1,1,1,1,1,1,1,1,1,,1,,,1,1,1,1,1,1,1,1,1,\n
60963807,3/10/16 17:41,0:15:10,45.817298,-77.117401,,K8A 6Y6,,,1,,,,,1,,,,,1,,,1,1,,1,,,,,,1,1,1,1,1,1,1,1,1,\n
60963887,3/10/16 17:42,0:06:55,60,-95,,L1J 8L8,,,1,,,1,,1,,,,1,,,,,,,,,,,,,1,,,,,,1,,,\n
60968461,3/10/16 19:06,0:18:29,44.599998,-79.416702,,L0L 1P0,,,1,,,1,,1,,,,,,,1,1,1,1,,,,,,,,,,1,1,,,1,1,\n
60969608,3/10/16 19:33,0:06:14,45.416698,-75.699996,,K1V 1A3,,,,,,,,,,,,,,,,,,,,1,,,,,1,1,1,1,1,1,1,1,1,\n
60970410,3/10/16 19:52,0:11:05,43.609199,-79.620101,,L5A 2G9,1,1,1,,,1,1,1,,,,,,,,1,1,1,,1,,1,,,1,1,,,,,,1,,\n
60970527,3/10/16 19:55,0:04:57,43.6814,-79.536697,,M6N 2E8,,,,,,,,,,,,,,,,,,,,,,,,1,1,1,1,1,,1,1,1,1,\n
60970761,3/10/16 19:59,0:05:28,42.900001,-78.933296,,L2E 6V6,,,,,,,1,,,,,,,,,,,,,,,,,,1,1,1,1,1,1,1,1,1,\n
60970936,3/10/16 20:02,0:08:06,43.3479,-79.7593,,L6J 7R4,,,,,,,,,,,,,,,,,,,,1,,,,,,,,1,,,,,,\n
60971468,3/10/16 20:14,0:12:01,43.574699,-79.727798,,M4C 1N2,,,,,,,,,,,1,1,1,1,1,,,,1,1,1,,,,1,1,1,,,,1,1,1,\n
60973242,3/10/16 21:00,0:05:37,44.520801,-80.016197,,L4R4P5,,,,,1,,,,,,,,,,,1,,,,1,,,,,,,1,,,1,1,1,,\n
60975851,3/10/16 22:07,58:57:54,43.7886,-79.591903,,m6e 2a2,,,1,,,,1,1,,,,,,,,,,,,,,,,1,,,,1,,,,1,,\n
60997895,3/11/16 7:06,0:08:50,44.227401,-76.513397,,k7k3e1,,,1,,,,,,,,,,,,1,,,1,1,,1,1,,,1,1,1,1,1,1,1,1,1,\n
61002910,3/11/16 8:16,0:20:57,60,-95,,N5A 7W3,,,,,,,,,,,,,,,,,,,,,,,,1,1,1,1,1,1,1,1,1,1,\n
61004395,3/11/16 8:34,0:05:16,42.975898,-81.228996,,N6B1X1,,,,,,,,,,,,,,,,,,,,1,,,,1,,,,,,,,1,,\n
61004582,3/11/16 8:36,0:44:39,60,-95,,N4G 3A1,,,,1,,,,,,,,,,,,,,,,,,,,,,,,,,,,,,\n
61005127,3/11/16 8:42,0:25:17,43.599998,-79.650001,,L6T 5E2,1,,1,1,,1,,1,1,1,1,1,1,,1,1,1,1,1,1,1,1,,,1,1,1,1,1,,1,1,1,\n
61005203,3/11/16 8:43,0:05:08,42.975898,-81.228996,,London schools and London health Sciences Centre,,,,,,,,,,,,,,,,1,1,1,1,,,,,,,,,,,,,,,\n
61005733,3/11/16 8:48,0:02:29,42.975898,-81.228996,,N6B1X1,,,,,,,,,,,,,,,,1,1,,1,,,,,,,,1,,,,,1,1,\n
61006064,3/11/16 8:52,0:06:27,42.975898,-81.228996,,N6K0B3,,,,,,1,1,,,,1,1,,,1,1,1,1,1,,1,,,,,,1,1,1,,1,1,1,\n
61006549,3/11/16 8:56,0:06:38,43.5974,-79.640197,,L5B,,,1,,,,,,,,,,,,,,,1,,,,,,,1,1,,1,1,1,,1,,\n
61006835,3/11/16 9:00,0:03:01,42.975898,-81.228996,,N6K0B3,,,,,,,,,,,,,,,,1,,,,,,,,,,,1,1,,,1,1,1,\n
61006849,3/11/16 9:00,0:09:47,43.656501,-79.407897,,M4R 1A3,,1,,,,1,,1,1,1,1,1,1,1,,,,,,,,1,,1,1,1,,,1,1,1,1,1,\n
61007158,3/11/16 9:03,0:05:13,43.5974,-79.640197,,L5B,,,1,,,,,,,,,,,,,,,,,,,,,,1,1,1,1,,,1,1,1,\n
61008787,3/11/16 9:20,0:14:55,45.435398,-75.647499,,K1E3J4,,,1,1,,,,,,,,,,,,,,,,,,,,,,1,1,1,,1,,1,,\n
61009457,3/11/16 9:28,0:03:41,40.6888,-74.020301,,M5H 1S3,,,1,1,,,,,,,,,,,,,,,,,,,,,1,1,1,1,,1,1,1,1,\n
61009460,3/11/16 9:28,0:21:20,60,-95,,P1B1C5,1,,1,,,1,1,,,,,,,,,,,1,,,,1,,,,,,,,,,,,\n
61009992,3/11/16 9:33,0:03:55,60,-95,,K8N1B8,,,1,1,,,,,,,,,,,,,,,,,,,,,,1,1,,1,,1,1,1,\n
61010051,3/11/16 9:34,0:12:01,60,-95,,M5B 1S1,,,1,1,,,1,,,,,,,,,,,1,,,,,,,1,1,1,1,1,,1,1,1,\n
61012156,3/11/16 9:53,0:03:26,60,-95,,M5B 2P3,1,,1,1,,,1,,1,,,,1,,,1,1,1,,1,,,,,1,1,1,1,1,1,1,1,1,\n
61012527,3/11/16 9:57,0:05:27,43.666698,-79.416702,,M1N3J7,,1,1,,,,,,1,,,1,,,1,1,1,1,1,1,,1,,,1,1,,1,,,1,1,1,\n
61012652,3/11/16 9:58,0:06:45,46.472698,-81.029098,,P3A 1W7,,,,,,,,,,,,,,,1,,1,,,,,,,,,,1,1,1,1,1,1,1,\n
61013489,3/11/16 10:03,0:07:55,43.666698,-79.416702,,M6K 3E6,,,,,,,,,,,,,,,,,1,,,,,,,1,1,1,1,1,,,1,1,1,\n
61013668,3/11/16 10:05,0:15:30,60,-95,,K0K2K0,,,,,,,1,,,,,,,,,,,1,,,,,,,1,1,1,1,1,,1,1,1,\n
61014512,3/11/16 10:13,0:19:39,44.3833,-79.699996,,L8P 3C1,,,1,1,,1,,1,,,,,1,,,1,,1,,,,,,,1,1,,,,,1,1,,\n
61015612,3/11/16 10:23,0:01:25,,,,,,,,,,,,,,,,,,,,,,,,,,,,,,,,,,,,,,\n
61016329,3/11/16 10:31,0:06:24,49.284801,-123.122802,,M6G1L5,,,1,,,,,,,,,,1,,1,,1,,1,,,,,,1,1,1,1,1,,1,1,1,\n
61018414,3/11/16 10:50,0:06:13,43.8759,-79.438102,,K2B 7W3,,,,,,,,,,,,,,,,1,,1,,1,,1,,,1,1,1,1,1,1,1,1,,\n
61018467,3/11/16 10:50,0:12:19,33.689098,-78.886703,,K1C 7C6,,,,,,,,,,,,,1,,,1,,,,1,,,1,,1,,1,1,1,1,,,,\n
61018764,3/11/16 10:53,0:02:56,43.454299,-79.6921,,L6H0H3,1,,1,1,,,,,,,,,,,,1,1,1,,1,,1,,,1,1,1,1,1,,1,1,1,\n
61018798,3/11/16 10:54,0:13:38,43.446998,-80.472503,,N5P 1Y8,,,,,,,,,,,,,,,,,1,,,,,,,,1,1,1,1,1,1,1,1,1,\n
61019051,3/11/16 10:56,0:06:05,60,-95,,K7K 4P9,,,,,,,1,1,,,,,,,1,,,1,,1,,1,,,,,,1,1,,,1,1,\n
61019700,3/11/16 11:02,0:45:08,43.86,-79.360496,,L3T 5W4,,,,,,,,,,,,,,,1,,,,,,,,,,,,,,,,,,1,\n
61020901,3/11/16 11:14,0:07:41,45.5335,-73.6464,,K1J 8M6,,,,,,1,,,,1,,,,,1,,1,,,,1,,,,,1,1,1,1,1,1,1,1,\n
61021053,3/11/16 11:16,3:17:17,42.983299,-81.25,,N5A 3V6,,,,,,,,1,,,,,,,,,1,,1,,,,,,,,,1,1,,1,1,1,\n
61021572,3/11/16 11:21,0:16:34,42.998901,-79.246597,,L2R 7L4,,,1,1,,,,,,,,,,,,,,,,,,,,,1,1,1,1,1,1,1,1,1,\n
61024080,3/11/16 11:44,0:45:02,43.718299,-79.511901,,M3J2C6,1,,1,1,1,1,,1,1,,,1,1,,,1,1,1,,1,,1,1,,,1,1,1,,,,1,,\n
61024101,3/11/16 11:45,0:16:12,44.116699,-79.566703,,M6K 1L8,,,1,,,1,,,,,,,,,,,,,,,,,,,1,1,,,,,,1,,\n
61024120,3/11/16 11:45,0:11:01,43.876998,-79.257797,,m6e3v4,1,,1,1,,,,,,,,,,,1,1,1,1,,1,1,1,1,,1,,,1,1,,,1,1,\n
61024447,3/11/16 11:48,0:05:50,44.230998,-76.479103,,K7L 2K4,,,,,,,,,,,,,,,,,,,,1,,,,,1,1,1,,,1,1,1,,\n
61025221,3/11/16 11:55,0:06:51,60,-95,,K1Y 4X5,,,1,,,,,,,1,1,1,,,,,,,,,,,,,1,1,1,,,,1,1,,\n
61026784,3/11/16 12:07,0:12:42,42.983299,-81.25,,N3Y 1R9,,,,,,,1,,,,,,,,,,,1,,,,,,,1,1,1,1,1,1,1,1,1,\n
61027820,3/11/16 12:14,0:05:16,42.5984,-82.391601,,L0S 1K0,,,,,,,,,,,,,,,,,,,,,,,,1,1,,1,1,,1,1,1,,\n
61029471,3/11/16 12:25,0:07:57,43.871898,-78.937797,,l4P 3M3 ,,,1,1,,,,,,,,,,,,,,,,,,,,,1,1,1,1,1,1,1,1,1,\n
61029782,3/11/16 12:27,0:04:29,43.503398,-79.877296,,L9T2M5,,,,,,,,,,,,,,,,,1,,,,,,,,1,1,1,1,1,,1,1,1,\n
61031142,3/11/16 12:38,0:01:10,60,-95,,,,,,,,,,,,,,,,,,,,,,,,,,,,,,,,,,,,\n
61032055,3/11/16 12:44,0:10:10,43.656501,-79.407897,,248 Ossington Ave. Toronto On M6J 3A2,,,1,,,,,,,,,,,,,1,1,1,,1,,1,,,1,1,1,1,1,1,1,1,1,\n
61040752,3/11/16 13:55,0:04:48,46.507598,-80.987197,,P2B1N3,,,1,,,,,,,,,,,,,,,,,,,,,,1,1,1,1,1,1,1,1,1,\n
61041585,3/11/16 14:03,0:11:09,42.9799,-81.260902,,N3S 3N8,,,1,,,,,,,,,,,,,,,,,,,,,,,,1,,,,,1,,\n
61042313,3/11/16 14:09,0:06:36,43.666698,-79.416702,,4167403704,,1,1,,,,,,,,,,,,,1,,1,,1,,1,,,1,1,,,,,,1,,\n
61046225,3/11/16 14:43,0:12:56,42.971,-82.408401,,N7T1H8,,,1,,,,,,,,,,,,1,1,1,1,,1,,1,,,1,1,1,1,1,1,1,1,1,\n
61046596,3/11/16 14:47,0:10:40,42.301601,-83.0307,,N8X 1J6,,,1,,,1,,,1,,,1,,,,1,1,,,1,1,,,1,1,1,1,1,1,1,1,1,1,\n
61049148,3/11/16 15:08,0:16:41,38,-97,,L6Y1Z4,1,1,1,1,1,1,,1,1,,1,,,,1,1,1,1,,1,,1,1,,1,1,,,1,,,1,1,\n
61050404,3/11/16 15:21,0:09:20,44.116699,-79.566703,,L3Y2P3,,,1,,,,,,,,,,,,,,,,,,,,,,,,,,,,,,,\n
61051113,3/11/16 15:28,0:49:19,43.666698,-79.416702,,M2N 4Y5,,,1,,,1,,1,,,,,,,,1,1,1,,,1,,,,1,1,,1,1,,,1,1,\n
61051164,3/11/16 15:28,0:04:57,43.219898,-79.987396,,L0R 1B5,,,,1,,,,,,,,,,,,,,,,,,,,,1,1,1,1,,1,1,1,1,\n
61051537,3/11/16 15:32,0:05:42,44.590599,-75.680801,,K6V5W1,,,1,1,,,,,,,,,,,,,,1,,,,1,,,,1,,1,,,,1,,\n
61053186,3/11/16 15:49,0:12:28,43.6305,-79.476196,,M6J 2W5,1,,1,1,1,,,,1,,,,,,1,,,,,,,1,,,1,1,,1,1,,,1,1,\n
61054097,3/11/16 15:59,0:13:33,60,-95,,N5A 1J7,,,,,,,,,,,,,,,,,,,,,,,,1,1,1,1,1,1,,1,1,1,\n
61054480,3/11/16 16:02,0:10:58,45.817298,-77.117401,,K0J1T0,1,,,,,,,,,,,,,,,1,,,,1,,,,,,1,,1,,,,1,,\n
61055255,3/11/16 16:11,0:09:49,49.284801,-123.122802,,L6Y 4M3,,,,,,,,,,,,,,,,,1,,,,,,,1,1,1,1,1,1,1,1,1,1,\n
61055906,3/11/16 16:19,0:02:45,46.507598,-80.987197,,P0M 1L0,,,1,,,,,,,,,,,,,,,,,,,,,,,,,,,1,,,,\n
61057533,3/11/16 16:39,0:08:40,44.627998,-75.948898,,K8V 5P6,,,,1,,,1,,,,,,,,,1,1,1,,1,,1,,,,1,1,1,,,1,1,1,\n
61093852,3/12/16 6:49,0:07:56,,,,K0K 2T0,,,,,,,,,,,,,,,,,1,,,,,,,,,,,1,1,,,1,,\n
61099636,3/12/16 8:49,0:13:45,26.781799,-80.077903,,K2H 6L3,,,1,1,,,,,,,,,,1,,,,1,,1,,1,,1,1,1,1,1,1,1,1,1,1,\n
61118113,3/12/16 14:50,46:25:51,43.651901,-79.387397,,all over Canada,,,1,1,,1,,,1,1,1,1,1,,,1,1,,1,,1,,,,1,1,1,1,1,1,1,1,1,\n
61124374,3/12/16 17:41,0:07:46,44.7667,-79.933296,,P1H 1K8,,,,,,,,,,,,,,,,,1,,,,,,,,1,1,1,1,1,,1,1,1,\n
61124453,3/12/16 17:43,0:10:32,44.160701,-77.369003,,K8N3Y6,,,1,,1,,,,,,,,,,,1,1,1,,1,,1,,,,,1,1,,,1,1,,\n
61125952,3/12/16 18:34,0:05:11,44.230998,-76.479103,,K7L4X4,1,1,1,1,,,,,,,,,,,,1,1,1,,1,,1,,,1,1,1,1,1,1,1,1,1,\n
61165726,3/13/16 14:32,0:08:43,45.1343,-75.717201,,K1R 6K7,,,1,,,,,,,,,,,,1,,1,,1,,,,,,,,1,1,1,1,1,1,1,\n
61176251,3/13/16 19:25,0:14:02,60,-95,,L5N2N4,,,1,,,,,,,,,,,,,,,1,,,,1,,,,,,,,,,,,\n
61180571,3/13/16 21:58,0:05:59,33.880798,-80.353599,,N1H6N6,,,1,,,,1,,,,,,,,,,,,,,,,,,1,1,1,1,1,1,1,1,1,\n
61205158,3/14/16 8:32,0:06:55,44.299999,-78.333297,,,,,1,,,,,,1,,,,1,,,,,,,,,,,,1,1,,1,1,,1,1,1,\n
61205247,3/14/16 8:34,0:11:15,45.352298,-75.651199,,K4B1J1,,,1,,,,,,,,,,,,1,1,,1,1,1,1,1,,,1,1,1,1,1,1,1,1,1,\n
61206850,3/14/16 8:56,0:04:26,45.4207,-75.702301,,K1W0G6,,,1,,,,,,,,,,,,,,,1,,,,1,,1,,,,,,,,,,\n
61208476,3/14/16 9:16,0:03:42,46.25,-83.550003,,P0T 1M0,,,,1,,,,,,,,,,,,,,,,,,,,,1,1,1,1,1,1,1,1,1,\n
61209198,3/14/16 9:23,0:05:37,43.856601,-79.5111,,M9N 3S4,1,,,,,,1,,1,,,,,,,,,1,,1,,1,,,,,,,,,,1,,\n
61216585,3/14/16 10:28,0:05:01,38.254199,-85.759399,,M5B 2E7,,,,,,,,,,,,,,,,,,,,,,,,1,1,1,1,1,1,1,1,1,1,\n
61217383,3/14/16 10:31,0:09:55,45.4127,-75.674201,,K1R 6G6,,,1,,,,1,,,,,,,,,,,,,,,,,,,1,,,,,1,1,,\n
61217432,3/14/16 10:32,0:02:46,43.666698,-79.416702,,N3T 6H1,,,,,,,,,,,,,,,,,,,,1,,,,,,1,1,,,,,1,,\n
61218684,3/14/16 10:46,0:04:45,44.3833,-79.699996,,L3V 8J2 ,,,,,,,,,,,,,,,,,,,,1,,,,1,,,,1,1,,,1,,\n
61219204,3/14/16 10:51,0:09:28,43.7984,-79.418601,,M1H 3C3,,,1,,,1,,1,,1,1,1,1,1,1,1,1,1,1,,1,1,,,1,1,1,1,1,1,1,1,1,\n
61220829,3/14/16 11:07,0:04:04,45.416698,-75.699996,,K8N 5B3,,,,1,,,,,,,,,,,,,,,,,,,,,1,1,1,1,,,1,1,,\n
61220950,3/14/16 11:09,0:27:27,44.276298,-78.313003,,K8A 6Y6,1,,1,,,,,,,,,,,,,1,1,,,1,,1,,,,1,1,,1,1,,1,1,\n
61221439,3/14/16 11:14,0:04:58,48.3852,-89.241996,,p7c4w1,,,,1,,,,,,,,,,,,,,,,,,,,,1,1,1,1,1,1,1,1,1,\n
61221606,3/14/16 11:16,0:23:35,45.423,-75.702003,,K2G 6J8,,,,,,,,,,,,,,,,1,1,,1,,,,,,,,,,,1,,1,,\n
61221956,3/14/16 11:20,0:08:49,,,,N3S3N3,,,1,,,,1,1,1,,,1,,,1,,1,1,1,,1,1,,,1,,1,1,1,,1,1,1,\n
61223060,3/14/16 11:30,0:14:07,43.077598,-79.963897,,P6A 3C6,1,,1,,,1,1,1,1,,,,,,,1,1,1,1,1,1,,,,1,1,1,1,1,,1,1,1,\n
61223740,3/14/16 11:37,0:07:19,42.812599,-80.309097,,N0A 1S0,,,,,,,,,,,,,,,,,1,,,,,,,,,,1,1,1,,1,1,1,\n
61224454,3/14/16 11:45,0:12:44,42.812599,-80.309097,,N0A 1S0,,,,,,,,,,,,,,,,,1,,,,,,,,1,1,1,1,1,,1,1,1,\n
61224810,3/14/16 11:49,1:19:23,60,-95,,L6Y 4M3,,,,,,,,,,,,,,,,,1,,1,,,,,,1,1,,1,1,,1,1,1,\n
61226295,3/14/16 12:03,0:07:08,60,-95,,L1H 4G7,,,,,,,,,,1,1,,,,,,1,,,,1,,,1,1,1,1,1,1,1,1,1,1,\n
61229686,3/14/16 12:38,0:08:22,48.3852,-89.241996,,P7C 2H1,,,,,,,,,,,,,,,1,,1,,,,,,,1,1,,1,1,1,,1,1,1,\n
61232363,3/14/16 13:02,0:25:07,42.315898,-83.039299,,N0R 1G0,1,,1,,,,,,,,,,,,,1,1,,,1,,1,,,1,1,1,1,1,1,1,1,1,\n
61232373,3/14/16 13:03,0:08:09,51.047199,-114.0802,,P6A 2G4,,,1,1,,,,,,,,,,,,,,,,,,,,,,,,,,,,,,\n
61232912,3/14/16 13:08,0:05:08,43.547199,-79.584999,,M9P3J5,,,1,,,,,,,,,,,,,1,1,1,,1,,1,,,1,1,1,1,,,,1,,\n
61233194,3/14/16 13:11,0:19:52,43.599998,-79.650001,,L6Y 4M3,,,,,,,,,,,,,,,,,1,,,,,,,,1,1,1,1,1,,1,1,1,\n
61236404,3/14/16 13:41,0:05:25,43.396499,-80.457496,,N1R 7A6,,,,1,,,,,,,,,,,,,,,,,,,,,1,1,1,1,1,1,1,1,1,\n
61237254,3/14/16 13:50,0:35:32,43.396499,-80.457496,,N1H 4E5,,,,1,,,,,,,,,,,,,,,,,,,,,1,1,1,1,1,1,1,1,1,\n
61238987,3/14/16 14:06,0:04:48,43.609199,-79.620101,,M5R 1A9,,,1,,,,,1,,,,1,,,,1,1,,,,,1,,,1,1,1,1,1,,1,1,1,\n
61241064,3/14/16 14:25,0:04:52,43.449699,-80.489303,,N5A1J7,,,1,1,,,,,,,,,,,,,,1,,,,,,,1,1,,1,1,,1,1,1,\n
61241878,3/14/16 14:33,0:27:27,43.951801,-79.834197,,k9a4e3,,,1,1,,1,,1,,,,,1,,1,1,1,,1,1,,1,,1,,1,,1,1,,1,1,1,\n
61243946,3/14/16 14:54,0:07:34,43.666698,-79.416702,,k7c 4j9,,,,,,1,,,,,,1,,,,,1,,,,1,,,,,,,1,1,,1,1,,\n
61247356,3/14/16 15:27,0:03:25,43.651901,-79.387397,,,,,,,,,,,,,,,,,,1,,,,,,,,,,,,,,,,,,\n
61258195,3/14/16 16:56,0:16:24,42.812599,-80.309097,,N0A 1S0,,,,,,,,,,,,,,,1,,,,,,,,,,,,,,,,,,1,\n
61261013,3/14/16 17:14,0:04:05,42.812599,-80.309097,,N0A1S0,,,,,,,,,,,,,1,,,,,,,,,,,,1,,1,,1,,1,1,1,\n
61261541,3/14/16 17:21,0:07:14,60,-95,,K2B5Y3,,,,,,,1,,,,,,,,,,,1,,1,,1,,,,,,,,,,,,\n
61261689,3/14/16 17:23,0:14:07,43.7,-79.566703,,L5A 3R8 ,,,1,1,,,,,,,,,,,,1,1,,,1,1,1,,,,,,,,,,1,1,\n
61262314,3/14/16 17:32,0:06:17,43.599998,-79.650001,,L3V 7T5,,,,1,,,,,,,,,,,,,,,,,,,,,1,1,1,1,1,1,1,1,1,\n
61270993,3/14/16 19:38,0:02:58,60,-95,,N9E 3A1,,,1,1,,1,,1,1,,,,1,,,,1,1,,,,,,1,1,,,,1,,1,1,1,\n
61276817,3/14/16 21:34,0:11:14,,,,N0E 1N0,,,,,,,,,,,,,,,,,,1,,,,,1,,,1,,1,1,,,,1,\n
61280741,3/14/16 22:43,0:07:01,43.7387,-79.4337,,,,,,,,,,,,,,,,,,,,,,,,,,1,,1,1,,1,,,1,1,\n
61283089,3/14/16 23:49,0:06:52,60,-95,,L6H 6V3,,,1,,,,,,,,,,,,,1,1,,,1,,1,,,1,1,,1,1,,1,1,1,\n
61283149,3/14/16 23:51,0:05:27,48.400001,-89.233299,,P7C1J6,,,,,,,,,,,,,,,,,,,,,,1,,,1,1,1,1,1,1,1,1,1,\n
61303572,3/15/16 8:37,0:12:01,43.666698,-79.416702,,N3T 6C8,,,,1,,,,,,,,,,,,,,,,,,,,,1,1,1,1,1,,1,1,1,\n
61306280,3/15/16 9:15,0:09:35,43.666698,-79.416702,,M5T 1N6,1,1,1,,,1,,1,,,,,,1,,1,,,,1,,1,,,1,1,,,,,,1,,\n
61309013,3/15/16 9:52,0:03:31,60,-95,,L5L 2C2,,,,,,,,,,,,,,,,,,,,,,,,1,,,,1,,,,,,\n
61311006,3/15/16 10:18,0:59:56,42.983299,-81.25,,N6A3C2,1,1,1,,,1,,1,1,1,1,1,1,,1,1,1,,1,,1,1,,,1,,1,1,1,,1,1,1,\n
61312872,3/15/16 10:40,0:09:41,42.051101,-82.601303,,N7L 5B2,,,1,,,,,,,,,,,,,1,1,,,,,,,1,1,1,1,1,1,,1,1,1,\n
61314494,3/15/16 10:59,0:22:23,43.666698,-79.416702,,N1A 2H2,,,,,,,1,,,,,,,,,,,1,,,,1,,,1,1,1,1,1,,1,1,1,\n
61315327,3/15/16 11:08,0:02:35,60,-95,,P9A 1G9,,,1,1,,,,,,,,,,,,,,,,,,,,,1,1,1,1,,,1,1,1,\n
61317110,3/15/16 11:29,0:05:32,60,-95,,A1B2C3,1,,,,,,,,,,,,,,,,,,,,,,,,1,,,,,,,,,\n
61318803,3/15/16 11:48,0:15:58,45.4127,-75.674201,,K1H 8K7,,,1,,,,,,,,,,,,,,1,,,1,,,,1,1,1,,,,,,1,,\n
61320319,3/15/16 12:04,1:11:07,45.4127,-75.674201,,K1H 8K7,,,,,,,,,,,,,,,,,1,,,1,,,,,1,1,,,,,,1,,\n
61324493,3/15/16 12:48,0:06:01,43.7984,-79.418601,,M1H 3C3,,,,,,,,,,,,,,,,,1,,,1,,,,,,1,,1,,,,1,,\n
61327494,3/15/16 13:17,0:18:36,43.7984,-79.418601,,M1H 3C3,1,,,1,,,,1,,,,,1,1,,1,1,1,,,,,,,1,1,1,1,1,1,1,1,1,\n
61328451,3/15/16 13:27,0:04:00,38,-97,,L3V6Y4,1,,1,,,1,1,,,,,1,,,,,,,,,,1,,,1,1,1,1,1,,1,1,1,\n
61331543,3/15/16 13:58,0:04:14,43.256599,-79.868301,,L6J 2Z4,1,,1,,,,,1,,,,,,,,,,1,,,,1,,,1,1,1,1,1,1,1,1,1,\n
61339853,3/15/16 15:00,0:04:32,43.8605,-79.327903,,L3P7P3,,,,,,,,,,,,,,,,,1,,,,,,,,,,,,,,,,,\n
61341222,3/15/16 15:12,0:20:44,43.2574,-79.867599,,L8L 2X2,,,1,,,,,,,,,,,,,,1,,,,,,,,1,1,1,1,1,1,1,1,1,\n
61342390,3/15/16 15:16,0:07:16,43.871898,-78.937797,,L1N 2L1,,,,,,,,,,,,,,,,1,,,,,,,,1,1,1,1,1,,,,1,1,\n
61351299,3/15/16 15:43,0:26:42,,,,L5L2M5,1,,1,,1,1,,,,,1,1,1,,,1,1,1,,1,,1,,,,,,1,,,,,,\n
61359339,3/15/16 16:53,0:11:36,49.783298,-92.833297,,P9N 3P7,,,,,,1,,,,,,,,,1,,1,,,,,,,,,,1,1,1,,1,1,1,\n
61371884,3/15/16 20:08,0:07:47,45.416698,-75.699996,,K2G4V3,,,1,,,1,,,,,,,,,,,1,,,1,,1,,1,1,1,1,,1,1,1,1,,\n
61392062,3/16/16 6:26,0:04:53,43.549999,-80.25,,N2G 4K3,,,,,,,,,,,,1,,,,,1,,,,,,,,,,,,,,1,,,\n
61396965,3/16/16 8:20,0:04:52,45.4207,-75.702301,,K1A0R6,,,,1,,,,,,,,,,,,,,,,,,,,,,,,,,,,,,\n
61399882,3/16/16 9:08,0:05:32,42.955799,-81.622596,,N5R 3H9,1,,1,,,1,,,,,,,,,1,,1,,1,,,,,,1,,1,1,1,,1,1,1,\n
61416864,3/16/16 11:33,0:07:43,60,-95,,L9C 5E3,,,,,,,,,,,,,,,,,1,,,,,,,,,,,,1,,,,,\n
61419590,3/16/16 11:41,0:04:02,60,-95,,L9C 5E3,,,,,,,,,,,,,,,,,1,,,,,,,,,,,,1,,1,1,1,\n
61432295,3/16/16 12:28,0:08:41,43.6618,-79.384696,,K1K5B5,1,,1,,1,,,,,,,,,1,,1,1,1,,1,,,,,1,1,1,1,1,1,1,1,1,\n
61436102,3/16/16 12:40,0:12:24,43.666698,-79.416702,,"We service all publicly funded schools in the Erie-St. Clair LHIN (Windsor, Chatham, Sarnia)",,,,,,,,,,,,,,,,,1,,,,,,,1,1,1,1,1,1,1,1,1,1,\n
61446756,3/16/16 13:12,0:17:58,43.6618,-79.384696,,K1S 3Y3,,,,,,1,1,,,,,,,,,,,1,,1,,1,,1,1,1,1,1,,1,1,1,,\n
61447098,3/16/16 13:13,0:07:31,43.653598,-79.425796,,m1p 3e8,1,,1,,,,,,,,,,,,,,,,,,,,,,,1,,1,,,1,1,,\n
61477632,3/16/16 16:10,0:09:25,43.219898,-79.987396,,L8P 2H8,,,1,1,,,,,,,,,,,,,,,,,,,,,,1,1,1,,,,1,,\n
61478495,3/16/16 16:20,0:05:47,22.299999,-97.849998,,K2C 3J2,,,,,,,,,,,,,,,,,,,,,,,,1,1,1,1,1,1,1,1,1,1,\n
61482342,3/16/16 17:06,0:09:20,44.5,-79.466697,,L0K2E1,,,,,,,,,,,,,,,,,1,,1,,,,,,1,1,1,1,1,1,1,1,1,\n
61489242,3/16/16 18:46,0:06:02,43.666698,-79.416702,,M6K3J1,,,1,1,,,,,1,,,,1,1,,1,,1,,,,,,1,1,1,1,1,,,1,1,1,\n
61522575,3/17/16 8:45,0:01:16,42.979301,-81.255599,,adfagadg,,1,,,1,,,,,,,1,,,,,,,,1,,,,,,1,,,1,,,,1,\n
61523213,3/17/16 8:53,0:02:56,,,,L5N6R4,,,1,,1,,,,,,,,,,,,,1,,,,1,,,,,,,,,,,,\n
61545014,3/17/16 11:44,0:10:34,44.276298,-78.313003,,K9J 2R8,,,1,,,,,,,,,1,,,,,1,,,,,,,,,,,,,,1,,,\n
61562013,3/17/16 14:40,0:08:42,43.609199,-79.620101,,M5R 1A9,,,1,,,,,1,,,,1,,,,1,1,,,,,1,,1,1,1,,,1,,1,1,1,\n
61562128,3/17/16 14:41,0:05:11,42.306198,-83.001701,,N9A4C4,,,1,,,,,,,,,,,,,,,1,,,,,,,1,1,1,,1,,1,1,1,\n
61564426,3/17/16 15:07,0:05:27,43.749599,-79.488601,,,,,1,,,,,,,,,,,,,,,,,,,1,,,1,1,1,1,1,1,1,1,1,\n
61564984,3/17/16 15:15,0:06:20,43.749599,-79.488601,,,1,,,,,,,,,,,,,,,,,,,,,,,,1,1,1,1,1,1,1,1,1,\n
61565062,3/17/16 15:16,0:09:04,43.666698,-79.416702,,M4y1g7,,,,,,,,,,,,,,,,,1,,,,,,,,1,,,,1,,1,1,1,\n
61571468,3/17/16 16:16,0:22:31,60,-95,,M4T1C1,,,1,,,1,,1,1,1,1,1,1,1,,1,1,1,1,,1,1,1,,1,1,1,1,1,1,1,1,1,\n
61575168,3/17/16 17:00,0:03:08,43.666698,-79.416702,,M5B 2B7,1,,1,,,1,,,,,,,,1,,,1,1,,1,,,,,1,1,,1,1,1,1,1,1,\n
61575808,3/17/16 17:09,0:05:14,44.216598,-76.6455,,M4H 1C3,1,1,1,1,,1,,,,,,,,1,1,1,1,1,,1,1,1,,,1,1,,1,,,1,1,1,\n
61578298,3/17/16 17:46,0:03:49,43.749599,-79.488601,,,,,1,,,,,,,,,,,,,,,,,,,,,,1,1,1,1,1,1,1,1,1,\n
61616200,3/18/16 9:11,0:20:40,60,-95,,L8R 1J4,,,1,,,,,,,,,,,,,,,,,,,,,,1,,1,1,1,,1,1,1,\n
61617230,3/18/16 9:24,123:10:20,60,-95,,m1k2n8,1,,1,1,,1,,,,,,,,1,,1,1,1,,1,,1,,,1,1,,,,,1,1,,\n
61621970,3/18/16 10:24,0:05:57,43.1501,-80.276603,,N6B 1Y9,,,,,,,,,,,,,,,1,,,,,,,,,,,,1,,,,,,,\n
61624224,3/18/16 10:49,0:05:09,43.2574,-79.867599,,L8L 2X2,,,,,,1,,1,,,,,,,,1,1,,,,,,,1,,,1,1,,1,,,,\n
61625986,3/18/16 11:08,0:05:16,60,-95,,N1M2l3,,,1,1,,,,,,,,,,,,,,,,,,1,,1,1,1,1,1,1,,1,1,1,\n
61626307,3/18/16 11:12,0:15:09,43.7122,-79.323699,,M3N 2J6,1,,1,1,,1,,1,,,,,1,1,1,,1,1,,,1,1,1,1,1,1,,,,,,1,1,\n
61626545,3/18/16 11:14,0:04:14,60,-95,,N1M2L3,,,1,1,,,,,,,,,,,,,1,,,,,1,,,1,1,1,1,1,,1,1,1,\n
61627002,3/18/16 11:20,0:03:06,60,-95,,N1M2L3,,,,1,,,,,,,,,,,,,,,,,,,,,1,1,1,1,1,,1,1,1,\n
61666925,3/18/16 14:59,0:04:18,46.491798,-80.995498,,P0R1L0,,,1,,,,,,,,1,1,,,,,,,,,,,,,1,,1,,,,1,,,\n
61669333,3/18/16 15:22,0:10:18,60,-95,,L3Y 1K5,,,1,,,1,,1,1,1,,1,,,,1,1,,,,,,,,1,1,1,1,1,,1,1,,\n
61682609,3/18/16 16:39,1:10:59,43.666698,-79.416702,,K1V7X9,1,,1,1,,,,,1,,,,,,,1,,,,1,,1,,,1,1,,1,,1,,1,,\n
61732462,3/19/16 13:17,0:11:20,45.333301,-79.216697,,P1H 1P1,1,1,1,1,,1,1,1,1,,,1,1,,1,,1,1,1,,1,1,,,1,1,1,1,1,1,1,1,1,\n
61734486,3/19/16 13:59,0:14:06,45.333301,-79.216697,,P1H 1P1,1,,1,,,,1,,,,,,,,,1,1,1,,1,,,,,1,1,1,1,1,,1,1,,\n
61774946,3/20/16 11:02,0:06:48,44.227401,-76.513397,,K7K4C2,,,,,,,,,,,,,,,,,,,,,,,,1,1,1,1,1,1,1,1,1,1,\n
61786077,3/20/16 15:20,0:08:43,60,-95,,LOL 2T0,,,1,,,,,,,,,,,,,,,,,1,,,,,,,,,,,,,,\n
61819245,3/21/16 8:36,0:09:02,60,-95,,L6T 5M6,,,,,,,,,,,,,1,,,1,1,,1,,,,,,1,,1,,,,1,1,1,\n
61824079,3/21/16 9:39,0:04:20,43.337799,-79.896102,,L2E3s4,,,1,,,,,,,,,,1,,,,,1,,,,,,1,1,1,1,1,1,1,1,1,1,\n
61824729,3/21/16 9:48,0:41:18,45.195301,-76.149597,,M4R 1B9,,,,,,,,,,,,,,,,,1,,,,,,,,1,1,1,1,1,,1,1,1,\n
61825422,3/21/16 9:57,0:05:41,43.784,-79.4263,,M9W 2T4,,,,,,,,,,,,,,,,,1,,,,,,,,,,,1,,,,1,1,\n
61829906,3/21/16 10:45,0:20:48,45.4333,-73.75,,L4Y 2B3,,,,,,,,,,,,,1,,,,,,,,,,,,1,1,1,1,1,,1,1,1,\n
61829986,3/21/16 10:46,0:07:40,48.25,-79.0167,,P4R 1N5,,,1,,,,,,,,,,,,,,,,,,,,,,1,1,1,1,1,1,1,1,,\n
61831224,3/21/16 10:54,0:56:13,45.195301,-76.149597,,M4S 1T4,,,,,,,,,,,,,,,,,1,,,,,,,,1,1,1,1,1,,1,1,1,\n
61833899,3/21/16 11:08,0:11:18,60,-95,,K0M 1S0,,,,,,,,,,,,,,,,1,1,,,,,,,1,,,,,,,,,,\n
61835263,3/21/16 11:22,0:08:39,43.75,-79.199996,,M6a1j6,,,1,,,,,,,,,,,,,,,,,,,,,,,,,1,,,,,,\n
61841395,3/21/16 12:06,0:07:59,45.195301,-76.149597,,M4R 1B9,1,,,,,,,,,,,1,,,,,1,,1,,,,,1,1,1,1,1,1,,1,1,1,\n
61843091,3/21/16 12:12,0:04:42,45.505798,-73.567199,,M5S1B2,,,,,,,,,,,,,,,,1,,,,,,,,,1,1,1,,,,1,1,,\n
61844105,3/21/16 12:15,1:24:10,45.195301,-76.149597,,Delivered in various locations throughout Toronto,,,1,,,,,,,,,,,,,,,,1,,,,,,1,1,1,1,1,,1,1,1,\n
61860043,3/21/16 13:27,0:13:43,43.782199,-79.326103,,M5V2Z1,,,,,,,,,,,,,,1,,,,,,,,1,,,,1,,,,1,,1,,\n
61866575,3/21/16 14:38,0:07:37,44.174198,-81.636199,,N0G 1L0,,,1,,,,,,,,,,,,,,,,,,,,,,1,1,1,1,,1,1,1,1,\n
61868598,3/21/16 15:01,0:18:31,43.1501,-80.276603,,N3T 3J1,,,,,,,,,,1,1,1,,,,,,,,,,,,,,,1,1,,,1,1,1,\n
61871908,3/21/16 15:40,0:04:57,51.083301,-114.083297,,P0T 1M0,,,,,,,,,,,,,,,,1,1,,,,,,,,1,1,1,1,1,,1,1,1,\n
61877278,3/21/16 16:50,0:15:03,60,-95,,N6B2N8,,,,,,,,,,,,,,1,,,,,,,,,,,,1,,,,,,,,\n
61884983,3/21/16 18:50,0:03:37,60,-95,,k1r5b5,,,1,,,,,,,,1,1,,,1,,1,1,,,,1,,,1,1,1,1,1,1,1,1,1,\n
61912337,3/22/16 7:27,0:05:40,45.432498,-75.5624,,K2P 0A6,,,1,1,,,,,,,,,1,,,,,,1,,,,1,,1,1,1,1,1,1,1,1,1,\n
61914286,3/22/16 8:11,0:13:11,60,-95,,M5G 1V2,,,1,1,,,,,,,,,,,,,,,,,,,,,,,,1,,,,,,\n
61937238,3/22/16 12:02,0:54:20,43.656501,-79.407897,,M6N 1K9,,,1,,,1,1,,1,,,,,1,,1,,1,,1,,1,,1,1,1,,,,,,1,,\n
61937402,3/22/16 12:03,0:16:28,42.4029,-82.194099,,N9A 4M8,,,,,,,,,,,,,,1,,1,,1,,1,,1,,,,1,,,,,,1,,\n
61938696,3/22/16 12:15,0:05:17,43.6305,-79.476196,,L1G 5R9,,,,,,,,,,,,,,,,,,,,,,,,1,,,,,,,,,,\n
61939796,3/22/16 12:24,0:07:05,,,,K1P 5N2,,,,1,,,,,,,,,,,,,,,,,,,,,1,1,1,1,1,1,1,1,1,\n
61983051,3/22/16 18:49,0:11:20,43.4244,-80.336402,,N1R 3P1,,1,1,,1,,,,,,,,,,,,1,1,,1,,1,,1,1,1,1,1,,,1,1,1,\n
62017635,3/23/16 9:13,1:51:34,45.733299,-76.849998,,K8A 5M8,,,1,,,,,,,,,,,,,1,1,1,,,,1,,1,,1,1,,1,1,1,1,,\n
62018352,3/23/16 9:23,0:12:56,60,-95,,M5T 2V9,,,,,,,,,,,,,,,,,,,1,,,,,,1,1,1,1,1,,1,1,1,\n
62018593,3/23/16 9:27,0:11:12,43.841701,-79.4011,,K7A 1W3,,,1,1,,,,,,,,,,,,,,,,,,,,1,1,1,1,1,1,1,1,1,1,\n
62020097,3/23/16 9:44,0:04:01,43.75,-79.199996,,L4A 0Z8,1,,,,,,,,,,,,,,,,,,,1,,1,,,1,1,1,1,1,1,1,1,1,\n
62021041,3/23/16 9:51,0:06:20,60,-95,,M4S 2Z8,,,1,1,,,,,1,,,1,1,,,1,1,,,1,,,,,,,,1,,,,,,\n
62022469,3/23/16 10:00,1:52:45,45.260601,-75.921096,,K7C 2V3,,,1,1,,,,,,,,,,,,,,,,,,,,,,,,,,,,,,\n
62034540,3/23/16 11:33,0:08:26,43.6618,-79.384696,,M2N 5V7,,,1,,,,,,,,,,,,,1,,,,,,,,,1,1,1,1,1,1,1,1,1,\n
62054456,3/23/16 13:37,0:34:57,45.423,-75.702003,,L4W 5A1,,,1,,,,,,,,,,,,,,,,,,,,,,1,1,,1,1,,,1,,\n
62058808,3/23/16 14:07,0:07:31,60,-95,,L9T 3X9,1,,1,,,,,,,,,,1,,,1,1,,,1,,,,1,,,,1,1,,,1,,\n
62058886,3/23/16 14:08,0:06:14,60,-95,,L1A 3V6,,,,,,,,,,,,1,,,,1,,,,,,,,,,,,,,,,,,\n
62059909,3/23/16 14:15,0:02:26,60,-95,,L1A 3V6,,,,,,,,,,,,,,,,1,,,,,,,,,,,,,,,,,,\n
62060327,3/23/16 14:18,0:05:49,60,-95,,K9V 3L5,1,,,1,,,,,,,,,,,,,1,,,1,,,,1,,,,,,,,,,\n
62071383,3/23/16 15:37,0:05:17,,,,L6X5A5,,,1,,,,,,,1,1,1,,,,,1,,,,1,,,,1,1,,1,1,,1,1,1,\n
62077813,3/23/16 16:24,0:09:20,43.574901,-80.268798,,L5T 2Y6,,1,1,,,,,,,,,1,1,,1,1,1,1,1,1,1,1,,,1,1,1,1,1,1,1,1,1,\n
62078711,3/23/16 16:30,0:27:28,43.669898,-79.7444,,L6Y 4M3,,,1,,,,,,,,,,,,,,,,,,,1,,1,,,,,,,,,,\n
62087461,3/23/16 17:44,0:11:41,43.224998,-79.980003,,L8L 4J5,,,1,1,,,1,,,,,,,,,,,,,1,,1,,,,,,,,,,1,,\n
62098370,3/23/16 20:15,0:07:51,43.685798,-79.7602,,L6W 1V1,,,1,,,,,,,,,,,,,,,,,,,,,,1,,,1,,,,1,,\n
62104341,3/23/16 22:26,16:42:31,60,-95,,L5B 3R2,,,,,,,,,,,,,,,,1,,,,1,,,,,,,,1,,,,1,,\n
62143001,3/24/16 9:47,0:07:10,60,-95,,K6V 5V2,,,1,1,,,,,,,,,,,,,,,,,,1,,1,1,1,1,1,1,,1,1,1,\n
62144588,3/24/16 10:02,0:10:37,42.979301,-81.255599,,N6B1K8,,,1,1,,,,,,,,,,,,1,1,1,,1,,1,,,,1,1,1,1,,1,1,1,\n
62146086,3/24/16 10:17,0:04:45,42.301601,-83.0307,,N9V 1P2,,,,,,,1,,,,,,,,,,,,,,,,,,,,,,,,,,,\n
62150255,3/24/16 10:55,0:19:57,60,-95,,K8N 2Z2,,,1,,,,,,,,,,1,,,,1,,,,,,,1,1,1,1,1,1,1,1,1,1,\n
62151834,3/24/16 11:09,0:04:26,45.4127,-75.674201,,K1H 8K7,,,1,,,,,,1,,,,,,,1,1,1,,1,,,,,1,1,,,,,,1,1,\n
62176329,3/24/16 14:38,0:06:46,60,-95,,K2L 4C6,,,,1,,,,,,,,,,,,,,,,,,,,,1,1,,1,1,,1,1,1,\n
62186655,3/24/16 15:48,0:06:51,48.451099,-89.273002,,P7J1L6,,,,,,1,,1,,,,1,,,,1,1,,,,,,,,1,,1,1,1,,1,1,1,\n
62187044,3/24/16 15:51,0:10:29,43.7,-79.566703,,M5T 2E4,1,,1,,,,,,,,,1,,,,1,1,1,,1,,1,,,1,1,,,,,1,,,\n
62187597,3/24/16 15:57,0:06:05,43.666698,-79.416702,,m5g0b1,1,,,,,1,,,,1,1,1,,,1,1,1,1,,,1,,,,1,1,,1,1,1,1,1,1,\n
62189279,3/24/16 16:12,0:05:40,60,-95,,K1R 6K7,,,1,1,,1,,1,,,,,1,,1,1,1,,1,,1,,,,1,1,1,1,1,1,1,1,1,\n
62189918,3/24/16 16:18,0:04:36,60,-95,,K1R 6K7,,,1,1,,1,,1,,1,,,1,,1,1,1,,1,1,1,,,1,1,1,1,1,1,1,1,1,1,\n
62190151,3/24/16 16:21,0:13:36,43.8581,-78.9319,,M9V 4E3,1,,1,1,,,,1,,,,1,1,1,1,1,1,1,1,1,1,1,,1,1,1,1,,1,,1,1,1,\n
62190465,3/24/16 16:24,0:04:00,60,-95,,k1R 6K7,,,1,,,,,,,,,,,,,,,,,,,,,,1,1,1,1,1,,1,1,1,\n
62190625,3/24/16 16:25,0:09:37,60,-95,,M5B1S1,1,,1,1,,1,1,1,1,,,1,1,,1,1,1,1,1,,1,1,,,1,1,1,1,1,,1,1,1,\n
62190913,3/24/16 16:28,0:04:53,60,-95,,K1R6K7,,,,,,,,,,,,,,,1,,,,,,1,,,,1,1,1,1,1,1,1,1,1,\n
62191496,3/24/16 16:33,0:06:14,60,-95,,K1R 6K7,,,,,,,,,,,,,,,,,,,,,,,,1,1,1,1,1,1,1,1,1,1,\n
62191817,3/24/16 16:37,0:03:35,43.638999,-79.449897,,M1N 2G2,,,1,,,1,,,,,,,,,,1,1,1,,1,,1,,,1,1,1,1,,,1,1,,\n
62192201,3/24/16 16:40,0:03:04,60,-95,,K1R6K7,,,,,,,,,,,,,,,1,,,,,,1,,,,1,1,1,1,1,1,1,1,1,\n
62192712,3/24/16 16:46,0:18:18,43.702301,-79.790901,,L4T 0A7,,,1,,,1,,,,,,,,,,,1,1,1,,1,1,,,1,1,,,,,,1,1,\n
62193601,3/24/16 16:54,0:03:19,43.688499,-79.761596,,m1s2w5,1,,1,1,,,,,,,,,,,,1,1,1,,1,,1,,,1,1,1,1,1,,1,1,1,\n
62196938,3/24/16 17:32,0:11:13,,,,M3J3K6,1,1,1,,,1,,1,,,,,,,,,,1,,,,1,,,1,1,,,,,,1,,\n
62203368,3/24/16 18:49,0:10:16,43.531898,-79.640296,,L5K 1T9,,,1,,,,,,,,,,,,,,,1,,,,,,,1,1,1,1,1,1,1,1,1,\n
62209286,3/24/16 20:41,0:04:58,43.6441,-79.380096,,m1b 6t5,1,1,1,,,1,,,,,,,,,,,1,1,,,,,,,1,,1,,,,1,1,1,\n
62210450,3/24/16 21:07,0:04:27,43.666698,-79.416702,,M3N 2V2,,,1,,,,,,,,,,,,,,,,,,,,,,1,1,1,,,,1,1,1,\n
62234957,3/25/16 6:27,0:20:20,43.503398,-79.877296,,"644 Willmott Crescent, Milton, ON and 243 Gerrald street-East, Toronto, ON",1,,1,,,,,,,,,,,,,,,,,,,,,1,1,1,1,1,1,1,1,1,,\n
62244104,3/25/16 8:53,0:13:47,43.656501,-79.407897,,M6P 4A9,,,1,,1,1,,,,,,1,,1,,1,1,1,,1,,,,,1,1,,,,,1,1,,\n
62262316,3/25/16 13:00,0:07:24,60,-95,,M4P 0B3,,,1,,,,,,,,,,,,,,,1,,,,,,1,1,1,1,,,,1,1,,\n
62426673,3/28/16 0:24,0:04:28,51.5,-0.129999,,M5R3C2,,,1,,,,,,,,,,,,,,,,,,,,,,1,1,1,,,,1,1,1,\n
62447655,3/28/16 10:14,0:08:56,43.599998,-79.650001,,M4J1L2,,,1,1,,,,,,,,,,1,,,,1,,1,,1,,,1,1,,,,,,1,,\n
62452991,3/28/16 11:27,0:05:43,45.416698,-75.699996,,K8H 2S9,,,1,1,,1,,,,,,,,,,,1,,,,,1,,,,1,,1,,,,,,\n
62469029,3/28/16 15:33,0:28:35,60,-95,,M5T 3A9,1,,1,1,1,,,,,,,1,,1,,1,1,1,,1,,1,,,1,1,,,,,1,1,,\n
62472257,3/28/16 16:18,1:03:03,,,,,,1,1,,,,,,,,,,,,,,,1,,,1,1,1,,1,1,,1,,,,1,1,\n
62474787,3/28/16 16:48,0:06:34,45.1343,-75.717201,,K1R 6K7,,,,,,,,,,,,,,,,,1,,,,,,,,,,1,1,1,1,1,1,1,\n
62515089,3/29/16 9:37,0:20:15,44.25,-79.466697,,K1K 1N1,1,1,1,1,,1,,1,1,1,1,1,1,,,1,1,1,,1,1,1,,,1,1,,,,1,,1,,\n
62515871,3/29/16 9:48,0:03:32,45.439998,-75.652397,,K2P 2H4,1,1,1,,,,,,,,,,,1,,,,1,,,,1,,,1,1,,1,,1,1,1,,\n
62518870,3/29/16 10:22,0:04:54,43.666698,-79.416702,,M1N3J7,,1,,1,,1,,,,,,,,,,1,1,,,1,,1,,,1,,,1,,,1,1,,\n
62522852,3/29/16 10:55,0:02:31,60,-95,,M3N1W7,,,1,1,,,,,,,,,,,1,,,1,,1,,1,,,1,1,,,,,,1,1,\n
62523292,3/29/16 10:59,0:02:20,60,-95,,K9V 3L5,,,1,,1,,,,,,,,,,,1,1,1,,1,,1,,1,,,,1,,,1,1,1,\n
62524354,3/29/16 11:12,0:12:03,43.8759,-79.438102,,M2M 4E7,1,1,1,,,1,,,,,,,,,,1,1,1,,,,1,,,1,1,1,1,1,,1,1,1,\n
62525151,3/29/16 11:21,0:08:52,60,-95,,K0K2C0,,,1,,,,,,,,,,,,,1,1,,1,,,,,,1,1,1,1,1,,1,1,1,\n
62528789,3/29/16 11:58,0:05:14,60,-95,,M6P 4A9,1,,1,1,1,1,,1,,,,1,,1,,1,1,1,,1,,1,1,,1,1,,,,,1,1,,\n
62544432,3/29/16 14:07,0:06:54,44.533298,-78.550003,,P1H 1Z6,,,,,,,1,,,,,,,,,,,,,,,,,,1,1,1,1,1,,1,1,1,\n
62544654,3/29/16 14:08,0:03:14,43.8973,-78.864097,,L1J 2L7,,,1,,,1,,1,1,1,,,1,,1,,1,,,,,,,,1,1,1,1,1,1,1,1,1,\n
62558739,3/29/16 16:32,0:16:19,45.1343,-75.717201,,K9A 4L1,,1,1,,,,1,,,,,,,1,,,,1,,,,1,1,1,1,1,1,1,1,,1,1,1,\n
62560214,3/29/16 16:46,0:08:51,60,-95,,K2B 6R7,,1,1,1,,,,,,,,,,,,1,1,1,,1,,1,,,1,1,,,,1,,1,,\n
62573458,3/29/16 19:54,0:10:45,60,-95,,M2J0A5,1,,1,,,1,,,,,,,1,,1,,,,,,,,,,1,1,,,1,1,,1,1,\n
62600021,3/30/16 7:01,0:09:50,42.979301,-81.255599,,N8Y 2P6,,,,,,1,1,,,,,,,,,,,1,,,,1,,,,1,,,1,,,1,1,\n
62617563,3/30/16 10:32,0:07:35,46.507598,-80.987197,,P3B 1M7,,,1,,,1,,1,,1,1,1,1,,,1,1,,1,,,,,,1,1,1,1,1,1,1,1,1,\n
62634065,3/30/16 12:51,0:13:07,51.047199,-114.0802,,P6A 2G4,,,,,,,,,,,,,,,,,,,,,,1,,1,,,,,,,,,,\n
62640154,3/30/16 13:41,1:28:23,44.754199,-79.900497,,L4R 2A7,1,,1,,,1,,,1,,,,,,,1,1,,,,,,,,1,,1,1,1,,1,1,,\n
62645919,3/30/16 14:32,0:11:25,43.549999,-80.25,,L3B 3X1,,,1,,,1,,1,,1,1,,,,,,1,,,,,,,,1,1,1,1,1,,1,1,1,\n
62698634,3/30/16 22:08,0:05:02,46.491798,-80.995498,,P3A 1Z7  ,,,,1,,,,,,,,,,,,,,,,,,,,,1,1,1,1,,1,1,1,1,\n
62721840,3/31/16 8:18,3:00:05,43.6525,-79.368598,,L6T3T6,,,1,1,,,,,1,,,,,,,,,,,,,1,1,,,,,,,,,1,,\n
62745851,3/31/16 11:51,0:09:10,43.124198,-80.241203,,K7S 3W4,,,,1,,,,,,,,,,,,,,,,,,,,,1,1,1,1,1,1,1,1,1,\n
62752862,3/31/16 13:00,0:10:31,43.657798,-79.660697,,L6L 5V5,,,1,1,,,,,,,,,,1,,,1,,,,,,,1,1,1,1,1,1,1,1,1,1,\n
62756830,3/31/16 13:38,0:15:37,60,-95,,K1V 0C4,,,,,,,,,,,,,,,,1,,,,,,,,1,,,,1,,,,,,\n
62761449,3/31/16 14:22,0:05:01,43.656501,-79.407897,,M1E 4B8,,,,1,,,,,,,,,,1,,,,,,,,1,,,,1,,,,,,,,\n
62763460,3/31/16 14:39,0:05:56,43.7779,-79.595199,,K1Z 2P2,,,,,,,,,,,,1,,,,,1,,,,,,,,,,,,,1,1,,,\n
62764064,3/31/16 14:45,0:04:34,43.768501,-79.358398,,M4L 1E1,,,,,,,,,,,,,,,,,,,,1,,,,1,,,,1,,,,,,\n
62764308,3/31/16 14:48,0:06:52,43.04,-80.881599,,N4S3E7,,,1,1,,,,,,,,,,1,1,,,,,,,1,,,1,1,1,1,1,1,1,1,1,\n
62765931,3/31/16 15:05,0:19:43,60,-95,,N6a1G3,,,,,,,,,,,,,,,,,,,,,,,,1,1,1,1,1,1,,1,1,1,\n
62767292,3/31/16 15:19,0:04:31,45.412899,-75.690101,,K1N6R2,,1,1,,,,1,,,,,,,,,,,1,,,1,,,,1,1,1,,,1,,1,,\n
62768588,3/31/16 15:32,0:05:10,45.416698,-75.699996,,janet@employmentnorth.com,,,,1,,,,,,,,,,,,,,,,,,,,,1,1,1,1,1,,1,1,1,\n
62771470,3/31/16 16:02,0:04:02,44.298999,-78.314498,,K0L2m0,,,1,,,1,,,,,,,,,,1,1,1,1,,,1,,1,1,,1,1,1,,1,1,1,\n
62772602,3/31/16 16:12,0:05:55,43.04,-80.881599,,N4S 0A7,1,,1,,,,,,,,,,,,,1,,,,1,,,,,,,,,,,,,,\n
62773327,3/31/16 16:20,0:10:23,43.143798,-80.260002,,N3T 5P9,,,1,1,,1,,1,,1,,,1,,1,,1,,1,,1,,,,1,1,1,,1,,1,1,1,\n
62780115,3/31/16 17:28,0:08:36,43.666698,-79.416702,,M5C2N8,,,1,,,,,,,,,,,,,,,,1,,,,,,1,,,,,,,1,,\n
62783780,3/31/16 18:12,0:06:28,50.960399,-114.100097,,L1V 1B5,,,,,,,,,,,,,,,,,,,,,,,,1,1,1,1,1,1,1,1,1,1,\n
62786452,3/31/16 18:53,0:05:48,43.454299,-79.6921,,L6H 1M3,,,,1,,,,,,,,,,,,,,,,,,,,,1,1,1,1,1,1,1,1,1,\n
62787065,3/31/16 19:03,0:05:19,60,-95,,,1,,1,1,,,,,,,,,,,,,1,1,1,,1,1,1,,1,1,1,1,1,,1,1,1,\n
62794278,3/31/16 21:14,0:03:36,60,-95,,K9J 2M1,,,,,,,,,,,,,,,1,,,,,,,,,,,,,,,,,,1,\n
62795004,3/31/16 21:28,0:26:31,43.6525,-79.368598,,L6T 3T6,,,1,,,,,,,1,1,1,,,,,1,,,,1,,,,1,1,1,1,1,1,1,1,,\n
62796809,3/31/16 22:05,0:06:26,45.0186,-74.712898,,k6h 5n1,,,,,,,1,,,,,,,,,1,1,,,,,,,,,1,,,,,,1,,\n
62798294,3/31/16 22:40,0:21:58,45.352001,-75.642097,,K1V0T7,,,1,,,,,,,,,1,,,,1,1,1,1,,,,,1,,1,1,1,1,,1,1,1,\n
62820042,4/1/16 7:16,0:09:25,44.599998,-79.416702,,L4R2R4,,,,,,,,,,,,,,,,,,,,,,,,1,,,1,1,,1,,1,1,\n
62820452,4/1/16 7:25,0:10:22,44.070999,-81.579101,,,,,,,,,,,,,,,,,,,1,,,,,,,,1,1,,,1,,1,1,1,\n
62822640,4/1/16 8:05,0:04:06,44,-79.466697,,K1R6H5,,,,,,,,,,,,,,,1,,,,,,,,,,1,1,1,1,1,1,1,1,1,\n
62822941,4/1/16 8:11,0:03:44,43.666698,-79.416702,,,,,,,,,,,,,,,,,,1,,,,1,,1,,,,,,1,,,,,,\n
62824296,4/1/16 8:30,0:11:16,45.416698,-75.699996,,613,1,,1,,,,,,,,,,,,,1,1,,,1,,1,,,,,,,,,,,,\n
62824660,4/1/16 8:35,0:17:17,43.171901,-79.226997,,L2M 7T9,1,,1,1,,1,,1,,,,,,1,,1,1,1,,1,,1,,,1,1,1,1,1,1,1,1,1,\n
62824874,4/1/16 8:39,0:02:41,60,-95,,K2G 4A1,,,,1,,,,,,,,,,,,,,,,,,,,,,,,,,,,,,\n
62824908,4/1/16 8:39,0:08:57,42.971,-82.408401,,N7S6L2,,,1,1,,,,,,,,,,,,,,,,,,,,,1,1,1,1,,,1,1,1,\n
62825098,4/1/16 8:42,0:06:04,43.666698,-79.416702,,M6C 2W4,,,1,,,,,1,,1,1,,1,,,,1,,1,,,,,,1,,,,,,,1,,\n
62825729,4/1/16 8:52,0:12:14,46.507598,-80.987197,,P5A 1Z8,,,1,1,,,,,,,,,,,,,,,,,,,,,1,1,1,1,1,1,1,1,1,\n
62826476,4/1/16 9:02,0:07:49,43.431701,-80.311203,,N4S 1E2,,,1,,1,,,,,,,,,,,1,,1,,,,,,,1,1,1,,,,,1,1,\n
62827180,4/1/16 9:10,0:06:55,43.133399,-79.198898,,L2R 5T2,,,,,,,,,,,,,,,,,,,,,,,,1,,1,1,1,,1,1,1,1,\n
62827547,4/1/16 9:16,0:05:07,42.778999,-81.190803,,N5P 2S3,,,1,1,,,,,1,,,1,1,1,,1,,,,1,,,1,,1,1,1,1,1,,1,1,1,\n
62827887,4/1/16 9:21,0:07:03,48.3852,-89.241996,,P7C4W1,,,1,1,,,,,,,,,,,,,,1,,,,,,,1,1,1,1,1,1,1,1,1,\n
62827899,4/1/16 9:21,0:04:24,60,-95,,K7K3C1,,,,,,,,,,,,,1,,,,1,,1,,,,,,,,,,1,,1,1,1,\n
62827985,4/1/16 9:22,0:30:31,60,-95,,M3M 1A2,1,,1,,,1,,,1,,,,,,,1,,1,,1,,1,,,1,1,,,,,1,1,,\n
62828356,4/1/16 9:26,0:07:13,60,-95,,K1T 3W6,,,,,,1,,,,,,,,,,,,,,,,,,1,,,1,1,1,,1,1,,\n
62829879,4/1/16 9:43,0:11:17,43.599998,-79.650001,,M4J 1L2,1,,1,1,,1,,,,,,,1,1,,1,1,1,,1,,1,,1,,1,,,,,,1,,\n
62830168,4/1/16 9:46,0:08:32,45.349998,-76.033302,,N0J 1B0,,,1,,1,1,,1,1,,,,,,,1,1,1,,1,,1,1,1,,,,,,,,,,\n
62830407,4/1/16 9:49,0:04:05,46.4333,-81.150001,,P2A2G5,,,,,,,,,,,,,,,,,,,,,,,,1,,,1,1,1,,,1,1,\n
62830750,4/1/16 9:53,1:18:12,43.219898,-79.987396,,L8R 2B3 ,,,,,,,,,,,,,,,,,,,,,,,,1,1,1,1,1,1,1,1,1,1,\n
62831041,4/1/16 9:56,0:04:23,42.971,-82.408401,,N7V 4G6,,,,,,1,,1,,,,,,,1,,1,,1,,,,,,1,1,1,1,1,,,1,1,\n
62833651,4/1/16 10:19,0:05:15,43.666698,-79.416702,,M3C 3N6,,,1,,1,,,,,,,,,,,1,1,,,1,,,,,,,,1,,,,1,,\n
62834626,4/1/16 10:29,0:11:25,42.979301,-81.255599,,N6B 1K8,1,,1,1,,1,,,,,,,,,1,1,1,1,,1,,1,,,,1,1,1,1,,1,1,1,\n
62834847,4/1/16 10:31,0:28:45,48.451099,-89.273002,,P7J 1L6,1,,,,,1,,1,,,,,,,,,1,,1,,1,,,,1,,1,1,1,,1,1,1,\n
62834948,4/1/16 10:32,0:19:02,42.992198,-81.139801,,N5Z1S4,,,,,,1,,,,,,1,,,1,,1,,1,,,,1,,1,1,1,1,1,1,1,1,1,\n
62835225,4/1/16 10:35,0:14:56,43.6618,-79.384696,,M4J 1M1,1,,,1,,,,,,,,,,,1,,,,,,,,,,1,,,,,,,1,1,\n
62835669,4/1/16 10:40,1:03:40,45.5,-73.583297,,H1R 6R6,,,1,,,,,,,,,,,,,,,,,,,1,,1,,,1,1,,,,,,\n
62836384,4/1/16 10:47,0:06:13,43.656501,-79.407897,,M5J 2L6,,,1,,,,,,,,,,,,1,1,1,,,,,,,1,1,1,1,1,1,1,1,1,1,\n
62836553,4/1/16 10:49,0:07:05,44.298999,-78.314498,,K9H 3J9,,,1,1,,,,,,,,,,,,,,,,,,,,,1,1,1,1,1,,1,1,1,\n
62838598,4/1/16 11:07,0:03:34,,,,K2L 4H7,,1,1,1,,,,1,1,,,,1,,,1,1,1,,,,1,,,1,1,,,,,1,1,,\n
62839052,4/1/16 11:11,0:07:06,43.219898,-79.987396,,L8R 2B3,1,1,1,1,,1,1,1,1,1,1,1,1,1,1,1,1,,1,1,1,1,,,1,1,1,1,1,1,1,1,1,\n
62839788,4/1/16 11:18,0:02:52,43.219898,-79.987396,,L8R 2B3,,,,,,,,,,,,,,,,1,1,,1,,,,,,1,1,1,1,1,1,1,1,1,\n
62841514,4/1/16 11:33,0:11:06,46.507598,-80.987197,,P5N 1J6,,,1,1,,,,,,,,,,,,,,1,,,,,,,1,1,1,1,1,1,1,1,1,\n
62842253,4/1/16 11:40,0:31:13,43.8777,-79.435897,,Mid Toronto,1,,1,1,,1,,,,,,,,,,,,,,1,,1,1,1,1,1,1,1,1,,,1,,\n
62842256,4/1/16 11:40,0:17:13,43.1501,-80.276603,,N3T 5R7,,,,,,,,,,,,1,,,,,1,1,,,,,1,,1,1,1,1,1,,1,1,1,\n
62843242,4/1/16 11:49,0:04:01,60,-95,,,,,1,,,,,,,,,,,,,,1,,,,,,,,,,,,,,,,,\n
62844133,4/1/16 11:57,0:12:37,43.2318,-79.769599,,L8N 2S8,,,,1,,,,,,,,,,,,,,,,,,,,,1,1,1,1,1,,1,1,1,\n
62846598,4/1/16 12:20,0:11:47,43.9817,-80.734001,,N0G2L1,,,1,,,1,,1,,,,,,,,,1,,,,1,,,,,,,1,1,,,1,1,\n
62846958,4/1/16 12:24,0:10:57,60,-95,,N0H-2T0,,,,,,1,,1,,,,,,,,,1,,1,1,,,,1,,,1,,1,,,1,,\n
62847083,4/1/16 12:25,0:07:52,45.609798,-74.610099,,K7H 1S9,,,1,,,1,,,,,,,1,,1,,1,,,,,1,,,1,1,1,1,1,1,1,1,1,\n
62847628,4/1/16 12:30,0:02:39,45.416698,-75.699996,,K1G 4J8,,,,,,,,,,,,,,,,,1,,,,,,,,1,1,1,1,1,1,1,1,1,\n
62847686,4/1/16 12:31,0:06:16,46.5,-80.966697,,P5E 1S6,,,1,1,,,,,,,,,,,,,,,,,,,,,1,,1,1,1,1,1,1,1,\n
62848556,4/1/16 12:39,0:06:39,60,-95,,N1G 4M3,,,1,,,1,,1,1,,,,,,,,1,,,,,,,,,,,,,,,1,,\n
62850133,4/1/16 12:53,0:07:11,44.369998,-79.599998,,L4M 1P1,,,,,,,,,,,,,,,,,1,,,,,,,,,,,,,,,,,\n
62850526,4/1/16 12:57,0:09:33,44.150001,-81.033302,,P4N1K1,,,,,,,,,,,,,,,,1,1,,,,,,,,,,1,1,1,,,1,1,\n
62852377,4/1/16 13:12,0:23:25,43.666698,-79.416702,,M4J 3C9,1,1,1,1,,,,,,1,1,1,,,1,1,1,1,,1,,1,,,1,1,1,1,,,,1,1,\n
62855106,4/1/16 13:34,0:09:22,43.3479,-79.7593,,"Barrie and the surrounding are, in community ",,,,,,,,,,,,,,,1,,1,,,,,,,1,1,1,1,1,1,1,1,1,1,\n
62855727,4/1/16 13:39,0:07:27,60,-95,,L6X1A4,,,1,,,,,,,,,,,,,1,,1,,,,,,,1,1,1,,1,,,1,,\n
62856456,4/1/16 13:45,0:15:16,46.309398,-79.463996,,P0A 1X0,,,1,,,,,,,,,,,,1,,1,,1,,,,,1,,,1,,1,,,1,1,\n
62857680,4/1/16 13:56,1:10:02,46.5,-80.966697,,P3C 1T5,1,,,,,1,,,,,,,,,,1,,,,1,,,,,,,1,1,,,,1,,\n
62857686,4/1/16 13:56,0:05:33,,,,L7R 3Z6,1,,1,,,,,,,,,,,,,1,1,1,,1,,,,,1,1,1,1,1,1,1,1,1,\n
62857859,4/1/16 13:58,0:06:10,60,-95,,N0E 1W0,,,,,,,1,,,,,,,,,,,,,,,,,,,1,,1,,,1,1,,\n
62858433,4/1/16 14:03,0:02:30,43.752101,-79.420196,,L0G1M0,,,,,,,1,,,,,,,,,,,,,,,,,,,,,,,,,,,\n
62858548,4/1/16 14:04,0:23:07,44.154499,-78.460296,,K9H 7G1,,,,,,,,,,,,,,,,1,,,,1,,,,1,,,,1,,,,,,\n
62858578,4/1/16 14:04,0:15:00,43.7779,-79.595199,,M5P1B9,,,,,,1,,,,,,,,,,1,1,1,,,,1,,,,,,1,,,1,1,,\n
62863594,4/1/16 14:48,0:14:36,60,-95,,P1B1A9,,,,1,,,,,,,,,,,1,,,,,,,,,,1,1,1,1,1,1,1,1,1,\n
62864747,4/1/16 15:00,0:14:23,45.412899,-75.690101,,L3V6Y4,1,,,,,1,1,,,,,,,,,,1,1,,1,,1,1,,1,1,1,,,,1,1,1,\n
62864880,4/1/16 15:01,0:05:31,43.532501,-80.253097,,N1h2t4,,,,,,,1,,,,,,,,,,,1,,1,,1,,,,,,,,,,1,,\n
62865244,4/1/16 15:05,0:35:13,60,-95,,K9H 7S2,,,1,,,,,,,,,,,,,,,,,,,,,,1,1,1,1,1,1,1,1,1,\n
62865653,4/1/16 15:09,0:02:41,43.8759,-79.438102,,,,,,,,,,,,,,,,,,,,,,,,,,,,,,,,,,,,\n
62867212,4/1/16 15:26,0:06:21,44.502899,-80.217597,,N4K 1E8,,,,1,,,,,,,,,,,,,,,,,,,,,1,1,1,1,1,,1,1,1,\n
62869570,4/1/16 15:50,0:05:24,42.998901,-79.246597,,l2r 7l4,,,1,1,,,,,,,,,,,,,,1,,,,,,,1,1,1,1,1,,1,1,1,\n
62872517,4/1/16 16:15,0:05:41,44.250701,-76.582801,,K7K 3M2,,,1,1,,,,,,,,,,1,,,,1,,,,,,,1,1,1,1,1,1,1,1,1,\n
62882887,4/1/16 17:48,0:08:05,43.666698,-79.416702,,L2N 7P9,,,,,,,,1,,,,,,,,,,1,,1,,1,,1,,1,,1,,,,1,,\n
62885784,4/1/16 17:58,0:20:19,44,-79.466697,,L9C 1X4,,,1,,,1,,1,,1,1,,1,,,1,1,1,1,,,,,,1,1,1,1,1,1,1,1,1,\n
62900767,4/1/16 20:56,0:37:50,43.452899,-80.528099,,N2H 5K8,,1,,,,,,,,,,,,,,1,1,1,,1,,1,,1,1,1,1,1,1,1,1,1,1,\n
62902512,4/1/16 21:47,0:09:12,60,-95,,N0G 1Z0,,,,,,1,1,,,,,,,,,,,1,,1,,,,,,1,,1,,,,1,,\n
62921536,4/2/16 6:56,0:20:45,43.784,-79.4263,,N1E6K2,,,1,,,,1,,,,,,,,,,,1,,,,,,1,1,1,1,1,1,1,1,1,1,\n
62927437,4/2/16 9:08,0:03:02,45.4127,-75.674201,,,,,,,,,,,,,,,,,,,,,,1,,,,1,,,,1,,,,,,\n
62936953,4/2/16 12:08,0:03:54,43.423599,-80.480003,,N2K 3C5,1,,,,,1,,,,,,,,,,1,1,,,1,,,,,,,,1,,,,,,\n
62940973,4/2/16 13:31,0:06:56,42.975898,-81.228996,,N2H1A4,,,,,,,,,,,,,,,,,,,,,,,,1,1,1,1,1,1,1,1,1,,\n
62952708,4/2/16 18:10,0:08:57,45.416698,-75.699996,,K9A 4J9,,,1,,1,,,,,,,,,,,1,,,,1,,,,1,,1,,1,,,,1,,\n
62995821,4/3/16 10:23,0:07:49,44.057998,-79.452598,,L0G 1M0,,,1,,,,,,,,,,,,,1,1,1,,,,,,,,,,,,,,,,\n
63057565,4/4/16 9:13,0:18:08,42.971,-82.408401,,N7L 1C1,,,1,,,1,,,,,,,1,,,1,1,,,,,1,,1,1,1,1,1,1,1,1,1,1,\n
63057730,4/4/16 9:15,0:04:25,45.033298,-79.300003,,P1B1B1,,,,,,,,,,,,,,,,,1,,,,,,,,,,,1,,,,,,\n
63058562,4/4/16 9:24,0:13:26,43.666698,-79.416702,,M9C4Z5,,,1,1,,,,,,,,,,,,,,1,,,,1,,,,,,,,,,,,\n
63059338,4/4/16 9:31,0:03:07,42.979301,-81.255599,,N6A 1C5,1,,1,,,,,,,,,,,,,,,,,,,1,,,,,,1,,,,1,,\n
63059593,4/4/16 9:34,0:04:48,45.257999,-75.576202,,K1Z 7K4,,,1,,1,,,,1,,,,,,,,,,,,,,,,,,,,,,,1,,\n
63060553,4/4/16 9:43,1:08:04,43.189601,-81.402397,,,,,,,,,,,,,,,,,,,,,,,,,,,,,,,,,,,,\n
63061343,4/4/16 10:02,0:09:14,43.8759,-79.438102,,L3R 4N7,,,,1,,,,,,,,,,,,,,,,,,,,,1,1,1,1,1,,1,1,1,\n
63063933,4/4/16 10:33,0:32:43,43.337799,-79.896102,,L6M 3L1,,,1,,1,1,,,,,,,,1,1,1,1,1,,,,1,,,1,1,1,1,1,1,1,1,1,\n
63064473,4/4/16 10:38,0:08:35,42.3997,-82.1996,,N7L 5K2,,,1,,,,,,,,,,,,,,,,,,,,,,1,1,1,1,1,1,1,1,1,\n
63067605,4/4/16 11:12,0:09:19,43.224998,-79.980003,,L8L 5V7,,,,,,,,,,1,,,,,,,,,,,1,,,,1,1,1,1,1,1,1,1,1,\n
63070350,4/4/16 11:40,0:04:10,43.574901,-80.268798,,N1H 3S7,,,,,,,1,,,,,,,,,,,,,,,,,,,,,,,,,1,,\n
63070816,4/4/16 11:45,0:17:57,60,-95,,M5V3W8,1,,1,,,,,,1,,,,1,,,1,1,1,,1,,1,,,1,1,1,1,1,1,1,1,1,\n
63072514,4/4/16 12:01,0:14:56,43.219898,-79.987396,,L8H5E3,,,,,,,,1,,,,,,,,,,,,,,,,,1,1,1,1,1,1,1,1,1,\n
63073258,4/4/16 12:07,0:02:17,45.110198,-72.6166,,,,,,1,,,,,,,,,,,,,,,,,,,,,,,,,,,,,,\n
63073341,4/4/16 12:08,0:04:27,42.866699,-80.733299,,N5H 1B8,,,,1,,,,,,,,,,,,,,,,,,,,,1,1,1,1,1,,1,1,1,\n
63073860,4/4/16 12:14,0:06:14,42.866699,-80.733299,,N5P 1E3,1,,1,,,,,,,,,,,,,1,1,1,,1,,,,,1,1,1,1,1,,1,1,1,\n
63074128,4/4/16 12:17,0:08:31,43.219898,-79.987396,,L8H 2X1,,,1,,,,,1,,,,,,,,,,,,,,,,,1,1,1,1,1,1,1,1,1,\n
63075795,4/4/16 12:33,0:02:50,44.230998,-76.479103,,K0H1H0,,,1,,,,,,,,,,,,,,,,,1,,,,,,,,,,,,,,\n
63076633,4/4/16 12:40,0:04:45,60,-95,,L0R 1W0,,,1,,,,,,,,,,,,,,,,,,,,,,1,1,1,1,1,1,1,1,1,\n
63077635,4/4/16 12:51,0:05:05,43.666698,-79.416702,,l6h5b5,,,1,,,,,,,,,,,,,1,,,,1,,,,,,,,,,,,,,\n
63080396,4/4/16 13:14,0:04:21,43.256099,-79.857498,,L8N 3W4,,,,,,,,,,,,1,,,1,,1,,,,,,,,,1,,1,,,1,1,1,\n
63081727,4/4/16 13:27,0:17:11,44,-79.466697,,L4C 0Z3,,,,,,,,,,1,,,,,1,,1,,,,1,1,,,1,1,1,,1,,1,1,1,\n
63083001,4/4/16 13:38,0:24:17,43.6525,-79.368598,,M5C2S8,1,,1,1,,1,,,,,,1,1,,,1,1,1,1,1,1,1,,1,1,1,1,1,1,,1,1,1,\n
63087401,4/4/16 14:18,0:16:58,43.653598,-79.425796,,M6K 3B6,,,,,,,,,,,,,1,,,,1,,1,,,,,,1,1,1,1,1,,1,1,1,\n
63089397,4/4/16 14:36,0:05:35,43.219898,-79.987396,,L8R 2B3,,,1,,,,,,,,,,,,,,1,,,,,,,,1,1,1,1,1,,1,1,1,\n
63091532,4/4/16 14:57,0:04:11,42.866699,-80.733299,,N0L 2P0,,,,1,,,,,,,,,,,,,,,,,,,,,1,1,1,1,1,,1,1,1,\n
63093235,4/4/16 15:11,0:08:35,43.653598,-79.425796,,L3R5X5,,,,1,,,,,,,,,,,,,,,,,,,,,1,1,1,1,1,1,1,1,1,\n
63096177,4/4/16 15:38,0:16:22,60,-95,,L6K 3G5,,,,,,1,,,,,,,,,,,1,,,,,,,1,1,1,1,1,1,,1,1,1,\n
63096499,4/4/16 15:41,0:06:50,43.219898,-79.987396,,L8N 1E2,,,1,,,,,,,,,,,,,,1,,,,,,,,1,1,1,,1,1,1,1,1,\n
63099409,4/4/16 16:10,0:04:15,43.219898,-79.987396,,l8n2x7,,,,,,,,,,,,,,,,,1,,,,,,,,1,1,1,1,1,,,1,1,\n
63101869,4/4/16 16:39,0:11:13,43.7,-79.566703,,N7T 7X2,,,,,,,,,,,,,,,,1,1,1,,1,,1,,,1,1,1,1,1,1,1,1,1,\n
63102742,4/4/16 16:50,0:04:39,60,-95,,M4W 3P4,,,,,,1,,,,,1,,,,,,1,,,,,,,,1,1,1,1,1,1,1,1,1,\n
63103157,4/4/16 16:56,0:06:00,60,-95,,M4W 3P4,,,,,,1,,,,,1,,,,,,1,,,,,,,,1,1,1,1,1,1,1,1,1,\n
63104051,4/4/16 17:06,0:02:49,60,-95,,M4W 3P4,,,,,,1,,,,,,,,,,,1,,,,,,,,1,1,1,1,1,1,1,1,1,\n
63104320,4/4/16 17:10,0:01:36,60,-95,,M4W 3P4,,,1,,,,,,,1,1,,,,,,1,,,,,,,,1,1,1,1,1,1,1,1,1,\n
63104393,4/4/16 17:11,0:10:41,60,-95,,N2G 3S8,,,,,,,,,,,,,,,,,,,,,,,,1,,,,1,,,,,,\n
63104404,4/4/16 17:11,0:12:07,43.609199,-79.620101,,M5A 2J3,1,,1,1,,,,,1,,,,,,,1,1,1,1,1,1,1,,,1,1,,1,,1,1,1,1,\n
63106716,4/4/16 17:43,0:12:33,44.298999,-78.314498,,M6H3L9,,,,,,1,,1,1,1,1,1,1,1,,,1,,,,1,,,,,1,,1,,,1,1,,\n
63107602,4/4/16 17:57,0:07:41,60,-95,,M5A2G4,1,,1,1,,,1,,,,,,,,1,1,1,1,,1,,1,,,1,1,1,1,1,,1,1,1,\n
63107856,4/4/16 18:01,0:08:28,42.9943,-81.262298,,m1e2s1,,,,,,,,,,,1,,,,1,1,1,,,,,,,1,1,,,,1,,1,1,1,\n
63108527,4/4/16 18:13,1:39:13,42.9943,-81.262298,,M1V3G1,1,,1,1,1,1,,1,1,1,1,1,,,1,1,1,1,1,1,1,1,,,1,1,,,,,,1,1,\n
63124997,4/5/16 0:26,0:05:42,43.219898,-79.987396,,l8n1e2,,,,,,,,,,,,,1,,,,1,,1,,,,,,1,1,1,1,1,1,1,1,1,\n
63152362,4/5/16 9:20,0:07:10,45.400001,-75.723503,,K0A 1R0,,,1,1,,1,,,1,,,,,,1,,,1,1,,,,,,,,1,,1,1,1,1,1,\n
63158495,4/5/16 10:20,0:10:05,43.666698,-79.416702,,M5C 2N8,,,1,,,,,,,,,1,,,,1,1,,,,,1,,,1,1,,,,,,1,,\n
63160646,4/5/16 10:42,0:04:12,43.666698,-79.416702,,M5A 2E3,,,1,1,,,,,,,,,,,,,,,,,,,,,,,1,1,,,1,1,1,\n
63161846,4/5/16 10:49,0:38:03,44.298999,-78.314498,,M6H 3L9,,,,,,1,,,,1,,1,,,,,,1,,,1,,,,1,1,,1,,,1,1,,\n
63182096,4/5/16 13:21,0:13:42,43.25,-79.066703,,L0S1C0,,,1,,,,,,,,,,1,,,,1,,,,,,,1,,,,1,1,,,,,\n
63183090,4/5/16 13:29,0:30:01,60,-95,,L6L 3L5,1,,1,,,,,,,,,,,,,,1,,1,,,1,1,,1,1,,1,1,,1,1,1,\n
63183906,4/5/16 13:35,0:11:06,60,-95,,L3V 6H9,,,,,,,1,,,,,,,,,,,1,,,,,,,,1,,,,,,,,\n
63188832,4/5/16 14:12,0:04:40,42.9799,-81.260902,,N8M 1B4,,,,,,,1,,,,,,,,,,,,,,,,,,,1,,,,,,,,\n
63189362,4/5/16 14:16,0:16:04,43.8777,-79.435897,,M3H 3P7,1,1,1,,,1,,,,,,,,,,,1,,,,,1,,,,1,,,,,,1,,\n
63191384,4/5/16 14:32,0:18:29,48.377498,-89.270401,,P7B 6G6,,,1,,,1,,,,,,,,,,,1,,1,,,,,,1,1,1,,1,1,1,1,,\n
63268557,4/6/16 9:27,0:04:39,46.4333,-81.150001,,L0L 1C0,,,,,,,,,,,,,,,1,,,,,,,,,,,,,,,,,,1,\n
63282943,4/6/16 11:42,0:09:44,45.02,-75.645599,,K7M 3E5,,,1,1,,,,,,,,,,,,,,,,,,1,,,,,,1,,,,,,\n
63297202,4/6/16 13:44,0:35:53,43.963798,-78.170196,,L1A3V6,,,1,,,1,,1,1,,,,,,,1,1,,1,,,,,,1,1,1,1,1,1,1,1,1,\n
63297767,4/6/16 13:49,1:12:28,43.8973,-78.864097,,L1S 6M4,,,1,1,,1,,,,,,,,,1,,1,1,,,1,1,,1,1,,,,1,,,1,1,\n
63298236,4/6/16 13:53,0:10:42,45.346698,-75.769996,,K1R 6E5,,,1,,,,,,,,,,,,1,1,1,,1,,,,,,1,1,1,1,1,,1,1,1,\n
63321144,4/6/16 17:34,0:15:16,60,-95,,P6B5V1,,,,,,1,,1,,1,1,1,,,1,,1,,1,,,,,1,1,1,1,1,1,1,1,1,1,\n
63321731,4/6/16 17:42,0:05:10,48.377498,-89.270401,,,1,,1,,,1,,1,,,,1,,,1,,1,,1,,,,,,1,1,1,1,1,1,1,1,1,\n
63321765,4/6/16 17:42,0:35:22,,,,M5A 2S5,,,1,,,,,,1,,,,1,1,,1,1,1,1,1,,1,,,1,1,1,1,1,,1,1,,\n
63362280,4/7/16 8:18,0:11:35,60,-95,,K1S 0A8,,,,,,,,,,,,,1,,,,,,,,,,,,,,1,,,,,,,\n
63379238,4/7/16 10:59,0:33:41,60,-95,,L3P1B9 for York Region; M1S5G5 for Toronto,1,,1,1,1,1,,,1,,,,,1,,1,,1,,1,,1,,,1,1,,1,,,,1,,\n
63380339,4/7/16 11:07,0:12:00,43.2,-80.3833,,,,,,,,,,,,,,,,,,,,,,,,,,1,,,,,,,,1,,\n
63382717,4/7/16 11:34,0:03:54,43.666698,-79.416702,,L5v1n4,,,,1,,,,1,,1,1,,1,1,1,,,1,,1,,1,1,,,1,,,1,1,,1,,\n
63399984,4/7/16 14:28,0:04:48,45.0186,-74.712898,,K1K 1G8,,,,,,,,,,,,,,,,,1,1,,,,,,,1,1,1,1,1,,1,1,1,\n
63404273,4/7/16 15:08,0:02:46,43.666698,-79.416702,,M3N2V2,,,,1,,,,,,,,,,,1,,,,,,,1,,,1,1,1,,1,,1,1,1,\n
63405717,4/7/16 15:21,0:03:39,60,-95,,Y1A 4P4,,,,,,,,,1,,,,,,,,,,,,,,,,1,1,1,1,1,1,1,1,1,\n
63411806,4/7/16 16:15,0:03:37,43.666698,-79.416702,,L5T2M9,,,1,,,,,,,,,,,,,,,,,,,,,1,1,1,1,1,1,1,1,1,1,\n
63417210,4/7/16 17:05,0:06:11,43.772998,-80.064903,,,1,,1,,,,,,,,,,,,,,,,,,,1,,,,1,,,,,,1,,\n
63429723,4/7/16 20:26,0:13:32,45.45,-73.566703,,H3J 1K8,1,,1,,,,,,,,,,,,1,,,1,,1,1,1,,,1,1,,1,,,,1,1,\n
63463144,4/8/16 10:02,0:04:04,43.666698,-79.416702,,M4L 2N5,,,1,,,,,1,,,,,,,,,,,,,,,,,,,,1,,,,1,,\n
63464302,4/8/16 10:12,0:25:33,43.866699,-79.033302,,M1H 2V5,,,1,1,,1,,1,,,,1,1,,,1,1,1,,1,,1,,,,,,1,1,,1,1,1,\n
63467448,4/8/16 10:40,0:43:16,49.783298,-92.833297,,P8N 1A4,1,1,1,,,1,,1,1,,,1,,,,1,1,,,1,,1,,,1,,1,1,1,,1,1,1,\n
63469295,4/8/16 10:53,0:03:32,42.885299,-79.251701,,L3B 5R4,,,,,,,,,,,,,,,,,,1,,,,,,,1,1,1,1,,1,1,1,,\n
63481841,4/8/16 12:44,0:32:58,43.196399,-79.5624,,L0S 1J0,,,1,1,,,,,,,,,,,1,1,1,,,1,,,,1,,,1,,,,,1,1,\n
63483109,4/8/16 12:55,0:03:24,60,-95,,L0E 1E0,,,,1,,,,,,,,,,,,,,,,,,,,,1,1,1,1,1,1,1,1,1,\n
63487668,4/8/16 13:46,0:04:42,44.160499,-77.384597,,K6H 1Y4,,,,,,,,,,,,,,,,,1,,,,,,,,,,,,,,,,,\n
63489205,4/8/16 14:05,0:14:09,49.066699,-81.0167,,P0L 1C0,1,,,,1,1,,,,,,,,,,1,1,1,,1,1,1,,,1,,1,1,1,,1,1,,\n
63550269,4/9/16 7:41,0:04:20,43.666698,-79.416702,,P1B9S9,,,,,,,,,,,,,,,,,,,,,,,,1,,,,,,,,,,\n
63666736,4/11/16 9:10,0:09:53,,,,P4N8R1,,,1,,,,,,,,,,,,1,,1,,,,,,,,1,1,1,1,1,1,1,1,1,\n
63677739,4/11/16 10:13,0:07:44,43.452899,-80.528099,,L3G 3S9,,,,,,1,,,,,,,,,,,,,,,,,,1,,,,1,,,,,,\n
63701100,4/11/16 13:20,0:03:59,42.4029,-82.194099,,N9A4M8,,,1,,,,,,,,,,,,,,1,,,,,,,,1,1,1,1,1,1,1,1,1,\n
63708687,4/11/16 14:39,0:08:16,43.735801,-79.328002,,M8Z 5W3,,,1,,,1,,,,,,,,,,,1,,1,,,,,,1,1,1,1,1,,1,1,1,\n
63783419,4/12/16 9:45,0:04:54,60,-95,,L8H 3Y7,1,1,1,1,,1,,,,,,,1,,1,1,1,1,,,,,,,,,1,,1,,,1,1,\n
63867997,4/13/16 7:46,0:18:14,43.574699,-79.727798,,L4E 4R1,,,1,,,,,,,,,,,,,,,,,,,,,,,,,1,,,,,,\n
63871991,4/13/16 9:01,0:01:12,60,-95,,L6J 4A9,,,,,,,,,,,,,,,,,1,,,,,,,,1,1,1,1,,,1,1,1,\n
63882604,4/13/16 10:34,0:19:06,43.256099,-79.857498,,L8P,,,,,,,,1,,,,,,,,,,,,,,,,,1,1,1,1,1,1,1,1,1,\n
63910323,4/13/16 15:08,0:20:29,60,-95,,M8Y 1H2,,,1,,,,,,,,,,,,,,,,,,,,,,,,,1,,,,,,\n
63932766,4/13/16 19:57,21:06:30,42.301601,-83.0307,,N9C1P7,1,,1,,,,,,,,,,,,1,1,1,1,,1,,1,,1,1,1,1,1,1,1,1,1,1,\n
63986991,4/14/16 13:21,0:14:55,40.571498,-74.640296,,N0K 1Z0,1,,1,,1,,,,,,,,,,,,,1,,,,1,,,,1,,1,,,1,1,,\n
63992755,4/14/16 14:36,0:06:03,43.670501,-79.390098,,k1r 6t6,,,,,,,,,,,,,,,,,1,,,,,,,1,,,,1,,,,,,\n
64008857,4/14/16 18:50,0:14:00,44.227401,-76.513397,,K7K3M2,,,1,1,,,,,,,,,,,,,,1,,,,,,,1,1,1,1,1,1,1,1,1,\n
64194290,4/17/16 14:25,0:10:22,42.2411,-82.2313,,N7M-2Y6,1,,1,,,1,1,,,,,,,,,,,,,1,,1,,1,1,1,,1,,,,1,,\n
64207654,4/17/16 21:17,4:07:01,43.069801,-80.118301,,L8L 5V7,1,,1,,,,,,,,,,,,,1,,1,,1,,1,,,1,1,,,,,,1,,\n
64274244,4/18/16 12:09,0:07:43,44.160701,-77.369003,,K6V6J8,1,,1,,,1,,1,,1,1,1,,,,,1,1,,1,,,,,1,1,1,1,1,1,1,1,1,\n
64315057,4/18/16 15:43,0:03:35,43.697898,-79.298599,,m3c0j4,,,,,,,,,,,,1,,,,1,,,,1,,,,,1,1,,,,1,,,,\n
64385324,4/19/16 8:50,0:04:44,43.448699,-80.484901,,N6A596,,,,,,,,,,,,,,,1,,1,,1,,1,,,,,,1,1,1,1,1,1,1,\n
64438919,4/19/16 13:44,0:31:29,42.306198,-83.001701,,N9A 4C4,,,1,,,1,,,1,,,,,,,,1,1,,,,1,,,,,1,,1,,,1,,\n
64560299,4/20/16 11:55,0:15:19,48.466701,-81.333297,,P3C5N3,,,1,1,,,,,,,,,,,,,,,,,,,,,,,,1,,,,,,\n
64578422,4/20/16 13:43,0:07:32,43.702301,-79.790901,,M9N 1V8,1,,,,,,,,,,,,,,,,,,,,,,,,1,1,,1,1,1,,1,1,\n
64587980,4/20/16 15:26,0:03:24,48.466701,-81.333297,,P3C 5N3,,,,1,,,,,,,,,,,,,,,,,,,,,1,1,1,1,1,1,1,1,1,\n
64588383,4/20/16 15:31,0:03:10,48.466701,-81.333297,,P3C 5N3,,,,1,,,,,,,,,,,,,,,,,,,,,1,1,1,1,1,1,1,1,1,\n
64594016,4/20/16 16:40,0:17:22,60,-95,,M2R 3V3,,,1,1,,,,,,,,,,,,,,1,,,,,1,,,,,,1,,1,1,,\n
64601783,4/20/16 18:41,0:09:52,60,-95,,M4C 4W5,,,,,,,,,,,,,,,,,,,,,,,,1,,,,1,,,,,,\n
64665579,4/21/16 9:43,0:14:39,45.416698,-75.699996,,K1G4J8,,,,,,,,,,,,,,,,,1,,,,,,,,1,1,1,1,1,1,1,1,1,\n